County,Year,GPP
UNION,2000,577.0922925
UNION,2001,555.5187729
UNION,2002,698.2436467
UNION,2003,652.2541362
UNION,2004,545.9442168
UNION,2005,761.7173307
UNION,2006,578.3986223
UNION,2007,555.826261
UNION,2008,609.7455024
UNION,2009,664.7823169
UNION,2010,624.7450656
UNION,2011,690.6807663
UNION,2012,523.4261431
UNION,2013,697.3278927
UNION,2014,555.5255881
UNION,2015,738.3625355
UNION,2016,742.8474008
UNION,2017,666.8622998
UNION,2018,499.2481077
UNION,2019,719.7092561
UNION,2020,758.0627795
MCDONOUGH,2000,302.1903217
MCDONOUGH,2001,298.4620136
MCDONOUGH,2002,316.2441868
MCDONOUGH,2003,355.3652106
MCDONOUGH,2004,328.5788696
MCDONOUGH,2005,385.8481482
MCDONOUGH,2006,276.6339466
MCDONOUGH,2007,322.6780459
MCDONOUGH,2008,303.0057157
MCDONOUGH,2009,308.7311564
MCDONOUGH,2010,395.0131389
MCDONOUGH,2011,350.9221205
MCDONOUGH,2012,376.8201007
MCDONOUGH,2013,380.1065396
MCDONOUGH,2014,386.7274795
MCDONOUGH,2015,414.2120882
MCDONOUGH,2016,441.9215051
MCDONOUGH,2017,462.3280619
MCDONOUGH,2018,325.7486791
MCDONOUGH,2019,502.2063177
MCDONOUGH,2020,441.3962953
WINNEBAGO,2000,293.8103874
WINNEBAGO,2001,361.944526
WINNEBAGO,2002,377.8122344
WINNEBAGO,2003,256.3760112
WINNEBAGO,2004,374.5046229
WINNEBAGO,2005,418.6191566
WINNEBAGO,2006,345.9931804
WINNEBAGO,2007,322.6964627
WINNEBAGO,2008,307.7482413
WINNEBAGO,2009,247.9356869
WINNEBAGO,2010,339.8424549
WINNEBAGO,2011,276.6406392
WINNEBAGO,2012,409.6735343
WINNEBAGO,2013,234.4706454
WINNEBAGO,2014,294.7035161
WINNEBAGO,2015,410.0498939
WINNEBAGO,2016,402.1630322
WINNEBAGO,2017,464.467789
WINNEBAGO,2018,222.301636
WINNEBAGO,2019,390.0814312
WINNEBAGO,2020,389.0539859
MARSHALL,2000,274.6343825
MARSHALL,2001,276.0965115
MARSHALL,2002,310.3742025
MARSHALL,2003,281.8142062
MARSHALL,2004,309.3667312
MARSHALL,2005,338.9872332
MARSHALL,2006,282.9701157
MARSHALL,2007,279.7735048
MARSHALL,2008,284.9415762
MARSHALL,2009,238.7740717
MARSHALL,2010,292.9892291
MARSHALL,2011,293.219363
MARSHALL,2012,385.019337
MARSHALL,2013,299.3521595
MARSHALL,2014,323.015691
MARSHALL,2015,421.9340829
MARSHALL,2016,377.374328
MARSHALL,2017,462.3382356
MARSHALL,2018,252.2529035
MARSHALL,2019,430.8730291
MARSHALL,2020,388.3537568
JERSEY,2000,455.5445608
JERSEY,2001,413.0982585
JERSEY,2002,548.5901406
JERSEY,2003,506.2212154
JERSEY,2004,458.7464074
JERSEY,2005,579.7894391
JERSEY,2006,396.0096346
JERSEY,2007,460.2960898
JERSEY,2008,522.1462898
JERSEY,2009,524.0876452
JERSEY,2010,480.8273091
JERSEY,2011,512.7175866
JERSEY,2012,491.6771606
JERSEY,2013,589.6218346
JERSEY,2014,548.3764239
JERSEY,2015,599.5616633
JERSEY,2016,619.4549324
JERSEY,2017,581.0867597
JERSEY,2018,456.9006173
JERSEY,2019,620.8155905
JERSEY,2020,600.4867901
BUREAU,2000,280.3967075
BUREAU,2001,270.615424
BUREAU,2002,318.5006021
BUREAU,2003,240.6369407
BUREAU,2004,328.6029219
BUREAU,2005,338.5203747
BUREAU,2006,288.2880506
BUREAU,2007,270.0940738
BUREAU,2008,273.5820446
BUREAU,2009,219.6932156
BUREAU,2010,283.6443364
BUREAU,2011,270.2901306
BUREAU,2012,357.4265645
BUREAU,2013,252.1544269
BUREAU,2014,295.3453283
BUREAU,2015,429.7317794
BUREAU,2016,360.6511832
BUREAU,2017,473.7673522
BUREAU,2018,241.9782044
BUREAU,2019,402.2433362
BUREAU,2020,379.8035452
PUTNAM,2000,297.7801521
PUTNAM,2001,304.3221987
PUTNAM,2002,349.947578
PUTNAM,2003,273.4561599
PUTNAM,2004,356.29005
PUTNAM,2005,383.2888877
PUTNAM,2006,305.2456516
PUTNAM,2007,297.5708884
PUTNAM,2008,311.6058464
PUTNAM,2009,246.3081126
PUTNAM,2010,337.350689
PUTNAM,2011,313.3444189
PUTNAM,2012,424.8093209
PUTNAM,2013,309.2211914
PUTNAM,2014,348.1708821
PUTNAM,2015,447.3763079
PUTNAM,2016,412.5561502
PUTNAM,2017,493.2786007
PUTNAM,2018,270.5008225
PUTNAM,2019,452.7894534
PUTNAM,2020,410.0514975
MASON,2000,297.2966182
MASON,2001,264.6451718
MASON,2002,304.9038511
MASON,2003,286.0105182
MASON,2004,300.6046688
MASON,2005,381.2390425
MASON,2006,272.5111024
MASON,2007,312.6927528
MASON,2008,344.9427079
MASON,2009,298.8574365
MASON,2010,363.5228571
MASON,2011,354.4851114
MASON,2012,419.0387292
MASON,2013,412.2455527
MASON,2014,381.6409958
MASON,2015,401.6425803
MASON,2016,430.6958456
MASON,2017,486.061433
MASON,2018,307.5832895
MASON,2019,493.9830301
MASON,2020,428.6112006
OGLE,2000,275.8413565
OGLE,2001,322.4723256
OGLE,2002,341.5874493
OGLE,2003,241.5300247
OGLE,2004,349.6268806
OGLE,2005,368.2917869
OGLE,2006,309.9332179
OGLE,2007,285.5937318
OGLE,2008,287.7141563
OGLE,2009,221.7606838
OGLE,2010,295.2191021
OGLE,2011,259.3841214
OGLE,2012,371.2896268
OGLE,2013,215.4121368
OGLE,2014,294.7560322
OGLE,2015,410.3428737
OGLE,2016,363.6507014
OGLE,2017,450.4768581
OGLE,2018,221.8679049
OGLE,2019,375.1685922
OGLE,2020,364.9789966
DU PAGE,2000,325.2516361
DU PAGE,2001,400.8071009
DU PAGE,2002,396.6821879
DU PAGE,2003,293.0209489
DU PAGE,2004,433.0109035
DU PAGE,2005,437.6611808
DU PAGE,2006,412.6133569
DU PAGE,2007,367.3763695
DU PAGE,2008,331.6540704
DU PAGE,2009,285.9132343
DU PAGE,2010,471.8183189
DU PAGE,2011,335.1171318
DU PAGE,2012,500.2816313
DU PAGE,2013,300.0570045
DU PAGE,2014,384.2072265
DU PAGE,2015,441.3476574
DU PAGE,2016,407.5093992
DU PAGE,2017,530.5593786
DU PAGE,2018,258.2453973
DU PAGE,2019,390.6161529
DU PAGE,2020,439.0137387
LAKE,2000,384.0352121
LAKE,2001,444.0087166
LAKE,2002,423.8600718
LAKE,2003,292.747478
LAKE,2004,431.5818056
LAKE,2005,460.261199
LAKE,2006,473.6449058
LAKE,2007,378.7378965
LAKE,2008,364.6547338
LAKE,2009,311.7193251
LAKE,2010,523.8280467
LAKE,2011,329.8899463
LAKE,2012,473.0092016
LAKE,2013,284.7830366
LAKE,2014,362.5231998
LAKE,2015,480.2398642
LAKE,2016,425.0009622
LAKE,2017,539.0130808
LAKE,2018,269.3932954
LAKE,2019,407.8954011
LAKE,2020,475.299655
CASS,2000,325.4413144
CASS,2001,300.2345487
CASS,2002,362.364475
CASS,2003,344.8869905
CASS,2004,333.460908
CASS,2005,416.9707929
CASS,2006,292.127784
CASS,2007,343.5492116
CASS,2008,347.5507696
CASS,2009,332.6367377
CASS,2010,377.5206809
CASS,2011,380.7190382
CASS,2012,443.1571879
CASS,2013,434.7771258
CASS,2014,436.5900162
CASS,2015,440.3291216
CASS,2016,448.3200294
CASS,2017,464.4644364
CASS,2018,336.2937347
CASS,2019,494.02363
CASS,2020,452.1396406
LAWRENCE,2000,485.249208
LAWRENCE,2001,422.8335803
LAWRENCE,2002,448.5405776
LAWRENCE,2003,521.5712475
LAWRENCE,2004,449.2817665
LAWRENCE,2005,505.2975201
LAWRENCE,2006,422.8312805
LAWRENCE,2007,453.6830243
LAWRENCE,2008,647.0583496
LAWRENCE,2009,528.0550242
LAWRENCE,2010,487.0039572
LAWRENCE,2011,507.9272166
LAWRENCE,2012,582.8802759
LAWRENCE,2013,550.0265526
LAWRENCE,2014,486.81152
LAWRENCE,2015,489.0842024
LAWRENCE,2016,576.5907703
LAWRENCE,2017,475.4227523
LAWRENCE,2018,394.3350978
LAWRENCE,2019,617.7313011
LAWRENCE,2020,514.4563352
CHAMPAIGN,2000,215.2396076
CHAMPAIGN,2001,222.7712409
CHAMPAIGN,2002,337.9551384
CHAMPAIGN,2003,251.5604092
CHAMPAIGN,2004,232.4408898
CHAMPAIGN,2005,298.5056748
CHAMPAIGN,2006,236.8722966
CHAMPAIGN,2007,247.4334866
CHAMPAIGN,2008,280.1125261
CHAMPAIGN,2009,256.2123547
CHAMPAIGN,2010,259.9309759
CHAMPAIGN,2011,348.5431177
CHAMPAIGN,2012,354.8389715
CHAMPAIGN,2013,365.2308841
CHAMPAIGN,2014,296.3339328
CHAMPAIGN,2015,345.8699193
CHAMPAIGN,2016,364.1772503
CHAMPAIGN,2017,428.9939428
CHAMPAIGN,2018,275.5787995
CHAMPAIGN,2019,405.7147239
CHAMPAIGN,2020,357.1332459
FORD,2000,208.060817
FORD,2001,231.9051902
FORD,2002,312.9056261
FORD,2003,242.0099534
FORD,2004,219.7811629
FORD,2005,289.3539054
FORD,2006,243.4678689
FORD,2007,235.2640821
FORD,2008,263.4576062
FORD,2009,220.3775826
FORD,2010,233.1040867
FORD,2011,306.1789541
FORD,2012,338.6316023
FORD,2013,307.9747854
FORD,2014,322.5212147
FORD,2015,349.8056185
FORD,2016,343.2941712
FORD,2017,425.3346141
FORD,2018,233.0220271
FORD,2019,355.4616986
FORD,2020,342.9972984
SCOTT,2000,355.4845572
SCOTT,2001,321.5321443
SCOTT,2002,402.2162787
SCOTT,2003,375.2755117
SCOTT,2004,346.2723389
SCOTT,2005,440.7429323
SCOTT,2006,302.6539907
SCOTT,2007,360.3446234
SCOTT,2008,392.5281687
SCOTT,2009,362.6786237
SCOTT,2010,395.7328627
SCOTT,2011,390.1768729
SCOTT,2012,481.1489073
SCOTT,2013,501.4033078
SCOTT,2014,458.3062435
SCOTT,2015,446.796125
SCOTT,2016,462.6573
SCOTT,2017,493.2067953
SCOTT,2018,373.8718406
SCOTT,2019,471.4213903
SCOTT,2020,491.6900839
ALEXANDER,2000,555.30024
ALEXANDER,2001,553.4712252
ALEXANDER,2002,700.9561515
ALEXANDER,2003,674.3064502
ALEXANDER,2004,555.4166331
ALEXANDER,2005,748.9634073
ALEXANDER,2006,596.1699472
ALEXANDER,2007,558.2458149
ALEXANDER,2008,581.8924554
ALEXANDER,2009,712.5828058
ALEXANDER,2010,651.1678181
ALEXANDER,2011,688.9602291
ALEXANDER,2012,649.9381821
ALEXANDER,2013,745.0809316
ALEXANDER,2014,607.3540863
ALEXANDER,2015,773.9614689
ALEXANDER,2016,752.5220639
ALEXANDER,2017,715.0441833
ALEXANDER,2018,512.96008
ALEXANDER,2019,727.1422399
ALEXANDER,2020,773.4157287
CLARK,2000,431.2670712
CLARK,2001,383.7178004
CLARK,2002,465.6612004
CLARK,2003,417.3480902
CLARK,2004,401.1264125
CLARK,2005,498.0897431
CLARK,2006,383.2929158
CLARK,2007,403.7144908
CLARK,2008,515.6727534
CLARK,2009,475.4386647
CLARK,2010,417.4795222
CLARK,2011,505.3595948
CLARK,2012,515.7235362
CLARK,2013,564.5589413
CLARK,2014,402.8819718
CLARK,2015,497.9494829
CLARK,2016,500.7691084
CLARK,2017,505.2347814
CLARK,2018,377.7637776
CLARK,2019,528.3526562
CLARK,2020,477.6596112
ROCK ISLAND,2000,374.5835522
ROCK ISLAND,2001,401.6490474
ROCK ISLAND,2002,364.060842
ROCK ISLAND,2003,304.5571265
ROCK ISLAND,2004,421.8239699
ROCK ISLAND,2005,426.6249375
ROCK ISLAND,2006,344.5515974
ROCK ISLAND,2007,335.2468727
ROCK ISLAND,2008,291.6398897
ROCK ISLAND,2009,289.5579056
ROCK ISLAND,2010,441.5385077
ROCK ISLAND,2011,337.9615623
ROCK ISLAND,2012,454.6180519
ROCK ISLAND,2013,292.9070322
ROCK ISLAND,2014,365.7618906
ROCK ISLAND,2015,495.8882641
ROCK ISLAND,2016,475.6064729
ROCK ISLAND,2017,517.1313511
ROCK ISLAND,2018,277.9554707
ROCK ISLAND,2019,477.8230135
ROCK ISLAND,2020,457.6742851
HARDIN,2000,651.2870376
HARDIN,2001,627.398263
HARDIN,2002,685.8754034
HARDIN,2003,706.2474988
HARDIN,2004,553.4499711
HARDIN,2005,869.9734443
HARDIN,2006,656.7483678
HARDIN,2007,577.3028386
HARDIN,2008,747.5672437
HARDIN,2009,702.0093048
HARDIN,2010,598.600784
HARDIN,2011,706.7650062
HARDIN,2012,453.4779933
HARDIN,2013,680.6689437
HARDIN,2014,626.7733006
HARDIN,2015,775.4130224
HARDIN,2016,761.1428767
HARDIN,2017,714.5305946
HARDIN,2018,526.544776
HARDIN,2019,733.5088753
HARDIN,2020,758.8030563
CALHOUN,2000,495.0309622
CALHOUN,2001,480.7862168
CALHOUN,2002,598.9919448
CALHOUN,2003,577.2662728
CALHOUN,2004,524.088115
CALHOUN,2005,646.1726279
CALHOUN,2006,430.59797
CALHOUN,2007,484.6147295
CALHOUN,2008,546.5447531
CALHOUN,2009,541.3055649
CALHOUN,2010,594.6205778
CALHOUN,2011,552.1087971
CALHOUN,2012,379.6196144
CALHOUN,2013,510.6385681
CALHOUN,2014,602.0927676
CALHOUN,2015,695.6108656
CALHOUN,2016,678.0053807
CALHOUN,2017,666.3389891
CALHOUN,2018,495.4958073
CALHOUN,2019,661.1686131
CALHOUN,2020,655.1514602
JACKSON,2000,546.5533831
JACKSON,2001,515.0015018
JACKSON,2002,624.7905177
JACKSON,2003,606.2455257
JACKSON,2004,522.7132103
JACKSON,2005,696.1590816
JACKSON,2006,532.5584808
JACKSON,2007,509.3308046
JACKSON,2008,570.4259571
JACKSON,2009,607.2800116
JACKSON,2010,597.0919459
JACKSON,2011,639.4538629
JACKSON,2012,549.7690986
JACKSON,2013,660.3042886
JACKSON,2014,544.3405306
JACKSON,2015,687.7443987
JACKSON,2016,725.9937798
JACKSON,2017,652.9130864
JACKSON,2018,493.815964
JACKSON,2019,687.0755742
JACKSON,2020,695.406958
BOND,2000,519.7577517
BOND,2001,411.2348289
BOND,2002,533.3116686
BOND,2003,496.6078345
BOND,2004,461.8242472
BOND,2005,572.4885584
BOND,2006,415.7357014
BOND,2007,426.7236579
BOND,2008,578.1622725
BOND,2009,499.8007413
BOND,2010,473.2618224
BOND,2011,539.7402246
BOND,2012,492.3964007
BOND,2013,583.9809375
BOND,2014,480.9970386
BOND,2015,563.3923281
BOND,2016,624.5286406
BOND,2017,541.1212939
BOND,2018,429.868892
BOND,2019,634.0385848
BOND,2020,526.3027066
CRAWFORD,2000,474.0141402
CRAWFORD,2001,424.4545906
CRAWFORD,2002,457.6390105
CRAWFORD,2003,498.3237691
CRAWFORD,2004,442.2436903
CRAWFORD,2005,517.9071911
CRAWFORD,2006,426.4121327
CRAWFORD,2007,428.9220924
CRAWFORD,2008,618.9499439
CRAWFORD,2009,542.4771453
CRAWFORD,2010,474.1277473
CRAWFORD,2011,534.9868225
CRAWFORD,2012,568.8220442
CRAWFORD,2013,580.3846589
CRAWFORD,2014,463.1296821
CRAWFORD,2015,522.8955265
CRAWFORD,2016,567.3455513
CRAWFORD,2017,488.8085699
CRAWFORD,2018,390.498157
CRAWFORD,2019,644.1118045
CRAWFORD,2020,515.384612
FRANKLIN,2000,541.1817692
FRANKLIN,2001,447.4436514
FRANKLIN,2002,510.5220619
FRANKLIN,2003,593.5246615
FRANKLIN,2004,509.9713413
FRANKLIN,2005,671.5294463
FRANKLIN,2006,490.5490779
FRANKLIN,2007,474.3240412
FRANKLIN,2008,628.4897914
FRANKLIN,2009,541.555149
FRANKLIN,2010,574.215132
FRANKLIN,2011,610.0539221
FRANKLIN,2012,555.7703638
FRANKLIN,2013,608.649286
FRANKLIN,2014,537.2383263
FRANKLIN,2015,616.8928262
FRANKLIN,2016,714.0466544
FRANKLIN,2017,638.498255
FRANKLIN,2018,489.5486416
FRANKLIN,2019,635.1296999
FRANKLIN,2020,634.6019275
PIATT,2000,220.2676693
PIATT,2001,218.4913716
PIATT,2002,335.3690767
PIATT,2003,244.3272192
PIATT,2004,232.0628932
PIATT,2005,310.1787935
PIATT,2006,233.9493544
PIATT,2007,256.0109668
PIATT,2008,284.7524403
PIATT,2009,244.2906125
PIATT,2010,269.007607
PIATT,2011,317.8613615
PIATT,2012,333.187689
PIATT,2013,332.33975
PIATT,2014,301.0458683
PIATT,2015,316.009947
PIATT,2016,357.2572864
PIATT,2017,459.1141096
PIATT,2018,283.7536313
PIATT,2019,407.7381481
PIATT,2020,347.914303
ST CLAIR,2000,590.5205047
ST CLAIR,2001,416.3302715
ST CLAIR,2002,526.7641574
ST CLAIR,2003,595.7908961
ST CLAIR,2004,509.9433992
ST CLAIR,2005,559.1803776
ST CLAIR,2006,512.679182
ST CLAIR,2007,512.0284405
ST CLAIR,2008,659.8668342
ST CLAIR,2009,584.8953834
ST CLAIR,2010,511.9647406
ST CLAIR,2011,583.0190139
ST CLAIR,2012,558.4189777
ST CLAIR,2013,617.677508
ST CLAIR,2014,516.8082779
ST CLAIR,2015,613.5444467
ST CLAIR,2016,650.5101222
ST CLAIR,2017,654.8669367
ST CLAIR,2018,501.5801332
ST CLAIR,2019,676.6010988
ST CLAIR,2020,608.8772822
HAMILTON,2000,484.2469201
HAMILTON,2001,427.0066685
HAMILTON,2002,438.6199761
HAMILTON,2003,549.2252961
HAMILTON,2004,461.8861255
HAMILTON,2005,616.1799778
HAMILTON,2006,441.7909102
HAMILTON,2007,447.9399912
HAMILTON,2008,622.340632
HAMILTON,2009,519.5020863
HAMILTON,2010,524.9961459
HAMILTON,2011,572.8277156
HAMILTON,2012,589.5748606
HAMILTON,2013,576.6970959
HAMILTON,2014,515.2119249
HAMILTON,2015,571.4824318
HAMILTON,2016,682.8460007
HAMILTON,2017,598.0858155
HAMILTON,2018,437.671482
HAMILTON,2019,638.4041469
HAMILTON,2020,569.6790865
CUMBERLAND,2000,428.3680968
CUMBERLAND,2001,326.9561824
CUMBERLAND,2002,435.088991
CUMBERLAND,2003,379.9535809
CUMBERLAND,2004,366.8814293
CUMBERLAND,2005,470.4018452
CUMBERLAND,2006,340.3978082
CUMBERLAND,2007,376.4619792
CUMBERLAND,2008,462.8884989
CUMBERLAND,2009,466.255905
CUMBERLAND,2010,415.3115538
CUMBERLAND,2011,496.4046822
CUMBERLAND,2012,517.0760218
CUMBERLAND,2013,561.9075988
CUMBERLAND,2014,466.0342335
CUMBERLAND,2015,520.1034284
CUMBERLAND,2016,521.3735962
CUMBERLAND,2017,534.4862049
CUMBERLAND,2018,377.7233524
CUMBERLAND,2019,543.1046682
CUMBERLAND,2020,472.4386828
ADAMS,2000,384.2837074
ADAMS,2001,380.6429808
ADAMS,2002,392.0347637
ADAMS,2003,486.719626
ADAMS,2004,423.5707087
ADAMS,2005,475.7681012
ADAMS,2006,354.2140014
ADAMS,2007,399.1035755
ADAMS,2008,384.3594959
ADAMS,2009,402.1929109
ADAMS,2010,501.3794977
ADAMS,2011,363.0150847
ADAMS,2012,428.4833038
ADAMS,2013,463.4468372
ADAMS,2014,490.0458844
ADAMS,2015,467.5752889
ADAMS,2016,503.88156
ADAMS,2017,478.6329295
ADAMS,2018,350.8520061
ADAMS,2019,535.4861175
ADAMS,2020,536.7305958
DE WITT,2000,240.1532653
DE WITT,2001,236.3251656
DE WITT,2002,351.80449
DE WITT,2003,271.0302992
DE WITT,2004,254.3478546
DE WITT,2005,358.4780764
DE WITT,2006,261.5317208
DE WITT,2007,272.9293911
DE WITT,2008,282.4688783
DE WITT,2009,252.1234241
DE WITT,2010,285.3509208
DE WITT,2011,325.093526
DE WITT,2012,341.5698421
DE WITT,2013,330.282984
DE WITT,2014,322.2652837
DE WITT,2015,353.1676486
DE WITT,2016,370.557139
DE WITT,2017,490.4967674
DE WITT,2018,271.7781228
DE WITT,2019,393.7238853
DE WITT,2020,360.6980385
JO DAVIESS,2000,354.7012417
JO DAVIESS,2001,418.9503943
JO DAVIESS,2002,387.0197924
JO DAVIESS,2003,315.412558
JO DAVIESS,2004,430.0506994
JO DAVIESS,2005,452.3365126
JO DAVIESS,2006,382.4705461
JO DAVIESS,2007,364.1579807
JO DAVIESS,2008,343.8032805
JO DAVIESS,2009,258.4496564
JO DAVIESS,2010,425.3859109
JO DAVIESS,2011,334.0745797
JO DAVIESS,2012,466.2755137
JO DAVIESS,2013,235.7287427
JO DAVIESS,2014,332.3085312
JO DAVIESS,2015,450.5448093
JO DAVIESS,2016,480.4987328
JO DAVIESS,2017,511.3638778
JO DAVIESS,2018,236.1012953
JO DAVIESS,2019,423.6839657
JO DAVIESS,2020,415.7807394
VERMILION,2000,259.5047162
VERMILION,2001,275.697795
VERMILION,2002,373.3969286
VERMILION,2003,291.8949984
VERMILION,2004,280.5776581
VERMILION,2005,349.4680303
VERMILION,2006,286.3639763
VERMILION,2007,280.3237487
VERMILION,2008,335.4176916
VERMILION,2009,270.4779163
VERMILION,2010,272.6382442
VERMILION,2011,374.7226239
VERMILION,2012,385.0716181
VERMILION,2013,426.0238042
VERMILION,2014,334.9856188
VERMILION,2015,422.3181554
VERMILION,2016,393.6363315
VERMILION,2017,483.8560585
VERMILION,2018,286.7293294
VERMILION,2019,422.3828101
VERMILION,2020,392.2393406
EFFINGHAM,2000,456.0411936
EFFINGHAM,2001,334.1306829
EFFINGHAM,2002,414.8723055
EFFINGHAM,2003,438.3259656
EFFINGHAM,2004,380.4547566
EFFINGHAM,2005,494.6608361
EFFINGHAM,2006,330.5147524
EFFINGHAM,2007,378.9611003
EFFINGHAM,2008,498.9143166
EFFINGHAM,2009,469.9411599
EFFINGHAM,2010,419.4496771
EFFINGHAM,2011,468.9065467
EFFINGHAM,2012,484.4368431
EFFINGHAM,2013,538.8516702
EFFINGHAM,2014,461.3428264
EFFINGHAM,2015,505.7917355
EFFINGHAM,2016,587.8939601
EFFINGHAM,2017,496.2771366
EFFINGHAM,2018,380.8727914
EFFINGHAM,2019,560.6741221
EFFINGHAM,2020,468.9743652
COOK,2000,343.372092
COOK,2001,435.2251495
COOK,2002,402.5321633
COOK,2003,307.6750227
COOK,2004,424.2208067
COOK,2005,436.7844371
COOK,2006,431.7135995
COOK,2007,351.8266044
COOK,2008,354.5490526
COOK,2009,281.0799406
COOK,2010,511.3011392
COOK,2011,345.1191783
COOK,2012,544.5535716
COOK,2013,321.4977213
COOK,2014,376.2935818
COOK,2015,479.4790723
COOK,2016,450.53647
COOK,2017,575.2870765
COOK,2018,277.2288851
COOK,2019,413.0367478
COOK,2020,495.3308412
PIKE,2000,384.2961073
PIKE,2001,375.8374311
PIKE,2002,453.2658347
PIKE,2003,462.6050486
PIKE,2004,412.4913648
PIKE,2005,496.2848074
PIKE,2006,361.9378157
PIKE,2007,408.1144589
PIKE,2008,406.2467036
PIKE,2009,405.9930928
PIKE,2010,474.9696196
PIKE,2011,404.1158806
PIKE,2012,428.923969
PIKE,2013,522.1777158
PIKE,2014,494.1406236
PIKE,2015,504.105161
PIKE,2016,501.288034
PIKE,2017,524.3378585
PIKE,2018,373.6591906
PIKE,2019,542.0081703
PIKE,2020,523.3004883
MARION,2000,501.4190376
MARION,2001,407.4894445
MARION,2002,476.157644
MARION,2003,538.7638003
MARION,2004,446.039335
MARION,2005,612.0119727
MARION,2006,405.4131922
MARION,2007,405.3601914
MARION,2008,546.3044212
MARION,2009,503.6721232
MARION,2010,473.1000022
MARION,2011,570.4727744
MARION,2012,473.9421791
MARION,2013,623.1169226
MARION,2014,535.1191233
MARION,2015,621.7888836
MARION,2016,673.7566213
MARION,2017,530.6130764
MARION,2018,460.5201387
MARION,2019,658.3660093
MARION,2020,554.1860101
KNOX,2000,331.8527967
KNOX,2001,307.3848805
KNOX,2002,330.6658358
KNOX,2003,338.4748546
KNOX,2004,343.0964356
KNOX,2005,384.619261
KNOX,2006,278.5460635
KNOX,2007,320.358777
KNOX,2008,295.3845271
KNOX,2009,279.9683098
KNOX,2010,366.5028136
KNOX,2011,322.9386996
KNOX,2012,430.1455616
KNOX,2013,316.5057451
KNOX,2014,352.6011067
KNOX,2015,458.1463321
KNOX,2016,422.3138025
KNOX,2017,483.347433
KNOX,2018,311.5526979
KNOX,2019,470.0628367
KNOX,2020,425.7179339
MCHENRY,2000,303.7828034
MCHENRY,2001,381.5421101
MCHENRY,2002,368.7684782
MCHENRY,2003,248.1863323
MCHENRY,2004,376.3403393
MCHENRY,2005,411.6893211
MCHENRY,2006,387.8616412
MCHENRY,2007,321.728202
MCHENRY,2008,326.1218477
MCHENRY,2009,271.0897716
MCHENRY,2010,377.9597596
MCHENRY,2011,296.9804742
MCHENRY,2012,400.8663421
MCHENRY,2013,252.8571501
MCHENRY,2014,318.0768423
MCHENRY,2015,406.0373003
MCHENRY,2016,356.942219
MCHENRY,2017,466.9734613
MCHENRY,2018,212.182969
MCHENRY,2019,358.0744634
MCHENRY,2020,390.612362
HENDERSON,2000,330.1691794
HENDERSON,2001,356.9808322
HENDERSON,2002,326.9510873
HENDERSON,2003,338.582358
HENDERSON,2004,372.6490247
HENDERSON,2005,414.4462824
HENDERSON,2006,307.6288779
HENDERSON,2007,317.3157506
HENDERSON,2008,296.2359955
HENDERSON,2009,297.761243
HENDERSON,2010,430.9749751
HENDERSON,2011,337.2172783
HENDERSON,2012,397.821723
HENDERSON,2013,353.8486315
HENDERSON,2014,370.8775491
HENDERSON,2015,450.1703109
HENDERSON,2016,459.8599397
HENDERSON,2017,457.0736524
HENDERSON,2018,313.5914938
HENDERSON,2019,475.0113442
HENDERSON,2020,460.3792426
HENRY,2000,306.2811617
HENRY,2001,299.2072976
HENRY,2002,290.1032471
HENRY,2003,251.6744101
HENRY,2004,330.9424639
HENRY,2005,323.831771
HENRY,2006,271.1582596
HENRY,2007,281.9236047
HENRY,2008,255.6798521
HENRY,2009,246.2960898
HENRY,2010,330.4878983
HENRY,2011,265.5448832
HENRY,2012,354.9995214
HENRY,2013,237.2008012
HENRY,2014,291.977173
HENRY,2015,416.593881
HENRY,2016,366.164703
HENRY,2017,454.7537842
HENRY,2018,252.2147083
HENRY,2019,406.0600611
HENRY,2020,377.4144249
GREENE,2000,385.0540319
GREENE,2001,360.9582653
GREENE,2002,453.4319291
GREENE,2003,428.1677693
GREENE,2004,390.0647132
GREENE,2005,483.1673369
GREENE,2006,342.9670795
GREENE,2007,386.1428643
GREENE,2008,479.19502
GREENE,2009,436.7668542
GREENE,2010,428.0116703
GREENE,2011,424.1940839
GREENE,2012,492.0271345
GREENE,2013,521.7506249
GREENE,2014,504.8625946
GREENE,2015,494.7836729
GREENE,2016,528.9443958
GREENE,2017,515.0406222
GREENE,2018,406.3344809
GREENE,2019,543.4685718
GREENE,2020,530.5568116
SALINE,2000,540.2169017
SALINE,2001,481.2740177
SALINE,2002,518.2948625
SALINE,2003,607.830963
SALINE,2004,457.2023922
SALINE,2005,691.9609499
SALINE,2006,504.976025
SALINE,2007,487.9912472
SALINE,2008,626.7535351
SALINE,2009,558.4293957
SALINE,2010,579.6628997
SALINE,2011,608.30641
SALINE,2012,698.0724998
SALINE,2013,564.1999837
SALINE,2014,513.2395988
SALINE,2015,594.1010243
SALINE,2016,694.6262022
SALINE,2017,581.2309658
SALINE,2018,443.5159518
SALINE,2019,604.2917041
SALINE,2020,596.3199456
WHITESIDE,2000,276.7274473
WHITESIDE,2001,298.7853757
WHITESIDE,2002,281.0892554
WHITESIDE,2003,238.1176317
WHITESIDE,2004,332.0067189
WHITESIDE,2005,339.254769
WHITESIDE,2006,269.3397469
WHITESIDE,2007,278.6035228
WHITESIDE,2008,275.3454279
WHITESIDE,2009,235.1405139
WHITESIDE,2010,309.7627978
WHITESIDE,2011,268.6942488
WHITESIDE,2012,349.6863879
WHITESIDE,2013,223.5968507
WHITESIDE,2014,291.4519643
WHITESIDE,2015,429.3095339
WHITESIDE,2016,371.1556274
WHITESIDE,2017,457.2795777
WHITESIDE,2018,261.44664
WHITESIDE,2019,411.1161572
WHITESIDE,2020,384.0364771
DE KALB,2000,226.009861
DE KALB,2001,270.8857352
DE KALB,2002,302.0781707
DE KALB,2003,211.079744
DE KALB,2004,296.4758984
DE KALB,2005,298.8542952
DE KALB,2006,272.0913141
DE KALB,2007,236.9468074
DE KALB,2008,253.4245748
DE KALB,2009,202.2484515
DE KALB,2010,267.0846953
DE KALB,2011,234.4056885
DE KALB,2012,328.555068
DE KALB,2013,205.6517844
DE KALB,2014,274.5511301
DE KALB,2015,350.7359209
DE KALB,2016,311.5193912
DE KALB,2017,397.7464359
DE KALB,2018,195.0928741
DE KALB,2019,331.6305443
DE KALB,2020,338.9700848
WHITE,2000,532.2145062
WHITE,2001,431.6060823
WHITE,2002,413.890374
WHITE,2003,596.4062511
WHITE,2004,493.0764007
WHITE,2005,586.8793406
WHITE,2006,473.1706255
WHITE,2007,447.5809333
WHITE,2008,622.3990026
WHITE,2009,520.5490305
WHITE,2010,520.2267476
WHITE,2011,538.0533699
WHITE,2012,688.3884363
WHITE,2013,551.5953945
WHITE,2014,452.9113711
WHITE,2015,556.1417258
WHITE,2016,656.4546973
WHITE,2017,545.9513672
WHITE,2018,419.6506732
WHITE,2019,653.1063933
WHITE,2020,573.2953805
LIVINGSTON,2000,214.6998533
LIVINGSTON,2001,212.0298664
LIVINGSTON,2002,292.0533436
LIVINGSTON,2003,232.2540604
LIVINGSTON,2004,241.5549321
LIVINGSTON,2005,296.9589549
LIVINGSTON,2006,244.8621804
LIVINGSTON,2007,240.6925499
LIVINGSTON,2008,265.3752973
LIVINGSTON,2009,204.84597
LIVINGSTON,2010,249.0591197
LIVINGSTON,2011,278.816171
LIVINGSTON,2012,311.7396549
LIVINGSTON,2013,293.7027193
LIVINGSTON,2014,337.0770445
LIVINGSTON,2015,329.1189423
LIVINGSTON,2016,328.6004512
LIVINGSTON,2017,447.3535605
LIVINGSTON,2018,230.9895457
LIVINGSTON,2019,342.5526561
LIVINGSTON,2020,334.2360857
WOODFORD,2000,254.3151107
WOODFORD,2001,259.4700487
WOODFORD,2002,323.9118796
WOODFORD,2003,270.0645733
WOODFORD,2004,271.9645024
WOODFORD,2005,339.7929618
WOODFORD,2006,276.0408443
WOODFORD,2007,283.1855284
WOODFORD,2008,285.072149
WOODFORD,2009,233.5396636
WOODFORD,2010,293.9611613
WOODFORD,2011,310.7808058
WOODFORD,2012,380.0942662
WOODFORD,2013,339.3022492
WOODFORD,2014,346.499914
WOODFORD,2015,402.7828076
WOODFORD,2016,386.2913128
WOODFORD,2017,456.0366647
WOODFORD,2018,261.7578491
WOODFORD,2019,437.8639872
WOODFORD,2020,401.4660255
MERCER,2000,328.5836587
MERCER,2001,359.1760698
MERCER,2002,312.5309708
MERCER,2003,272.5055277
MERCER,2004,345.3238633
MERCER,2005,387.7020934
MERCER,2006,303.4739299
MERCER,2007,294.1183471
MERCER,2008,259.7310316
MERCER,2009,256.3821421
MERCER,2010,392.5380212
MERCER,2011,308.8662656
MERCER,2012,394.61199
MERCER,2013,286.5539189
MERCER,2014,334.7133361
MERCER,2015,439.2513543
MERCER,2016,429.3233436
MERCER,2017,454.1616804
MERCER,2018,249.6672969
MERCER,2019,442.7734471
MERCER,2020,414.2125819
MACON,2000,240.1774354
MACON,2001,234.9643576
MACON,2002,346.1334467
MACON,2003,263.640094
MACON,2004,247.6745519
MACON,2005,336.2722552
MACON,2006,241.9771397
MACON,2007,273.2439088
MACON,2008,309.5664444
MACON,2009,274.24515
MACON,2010,297.0094722
MACON,2011,341.4744157
MACON,2012,365.5394756
MACON,2013,376.492896
MACON,2014,311.7335229
MACON,2015,338.5528784
MACON,2016,380.9502572
MACON,2017,496.1400172
MACON,2018,304.8443598
MACON,2019,430.2372545
MACON,2020,361.1522254
KENDALL,2000,260.8801742
KENDALL,2001,305.8490046
KENDALL,2002,329.2738063
KENDALL,2003,259.5812437
KENDALL,2004,357.5446924
KENDALL,2005,370.0966834
KENDALL,2006,309.160687
KENDALL,2007,277.2641776
KENDALL,2008,294.7065723
KENDALL,2009,231.91002
KENDALL,2010,306.592958
KENDALL,2011,297.6741416
KENDALL,2012,375.8102234
KENDALL,2013,256.6114782
KENDALL,2014,309.7825292
KENDALL,2015,364.3003743
KENDALL,2016,346.4361935
KENDALL,2017,470.244929
KENDALL,2018,241.9534203
KENDALL,2019,352.9126467
KENDALL,2020,388.5673054
CLINTON,2000,610.1407707
CLINTON,2001,447.4392806
CLINTON,2002,499.5271288
CLINTON,2003,543.0311297
CLINTON,2004,524.3296428
CLINTON,2005,531.1522797
CLINTON,2006,473.6665855
CLINTON,2007,489.7410696
CLINTON,2008,642.8009424
CLINTON,2009,529.4255361
CLINTON,2010,482.8185954
CLINTON,2011,580.3070824
CLINTON,2012,545.1284992
CLINTON,2013,626.3217772
CLINTON,2014,488.6672255
CLINTON,2015,593.9110311
CLINTON,2016,620.1618234
CLINTON,2017,616.522071
CLINTON,2018,486.5675804
CLINTON,2019,684.5438325
CLINTON,2020,607.5044942
GRUNDY,2000,237.8405593
GRUNDY,2001,258.8957711
GRUNDY,2002,309.1584834
GRUNDY,2003,247.9802091
GRUNDY,2004,309.2750681
GRUNDY,2005,332.3693295
GRUNDY,2006,264.3017229
GRUNDY,2007,255.3504037
GRUNDY,2008,275.3686711
GRUNDY,2009,218.6558046
GRUNDY,2010,278.9853725
GRUNDY,2011,281.213146
GRUNDY,2012,344.1475555
GRUNDY,2013,264.8496783
GRUNDY,2014,320.604688
GRUNDY,2015,348.3849665
GRUNDY,2016,339.0608337
GRUNDY,2017,479.5664459
GRUNDY,2018,231.7172316
GRUNDY,2019,353.3961186
GRUNDY,2020,359.3178739
PERRY,2000,563.8495091
PERRY,2001,443.9045732
PERRY,2002,500.744534
PERRY,2003,583.6498092
PERRY,2004,540.2453905
PERRY,2005,640.3346778
PERRY,2006,484.8761769
PERRY,2007,493.4297546
PERRY,2008,635.0034395
PERRY,2009,552.4737078
PERRY,2010,565.2937934
PERRY,2011,609.3168256
PERRY,2012,550.0482409
PERRY,2013,627.18949
PERRY,2014,552.1899761
PERRY,2015,642.7281461
PERRY,2016,688.1300941
PERRY,2017,654.6617736
PERRY,2018,520.1781796
PERRY,2019,657.3499189
PERRY,2020,667.070817
JASPER,2000,444.1023839
JASPER,2001,349.256354
JASPER,2002,395.2518553
JASPER,2003,433.139398
JASPER,2004,374.0490785
JASPER,2005,465.7215255
JASPER,2006,370.860468
JASPER,2007,375.1522717
JASPER,2008,538.4383999
JASPER,2009,487.2449408
JASPER,2010,438.5968218
JASPER,2011,491.7943385
JASPER,2012,567.6540933
JASPER,2013,543.6571582
JASPER,2014,443.6766282
JASPER,2015,502.18313
JASPER,2016,541.7092315
JASPER,2017,483.2332252
JASPER,2018,385.7887196
JASPER,2019,584.6633636
JASPER,2020,480.6508296
EDGAR,2000,305.7198796
EDGAR,2001,287.6243154
EDGAR,2002,355.2155626
EDGAR,2003,320.9954829
EDGAR,2004,296.2786901
EDGAR,2005,376.7900706
EDGAR,2006,306.634915
EDGAR,2007,308.6932058
EDGAR,2008,391.1148263
EDGAR,2009,343.7592917
EDGAR,2010,321.0992798
EDGAR,2011,396.3923165
EDGAR,2012,405.5076095
EDGAR,2013,451.5004642
EDGAR,2014,323.1123663
EDGAR,2015,399.0015088
EDGAR,2016,410.174729
EDGAR,2017,404.4415486
EDGAR,2018,308.3003744
EDGAR,2019,435.4359663
EDGAR,2020,399.686608
COLES,2000,334.4149696
COLES,2001,292.8841776
COLES,2002,382.1175543
COLES,2003,334.7415824
COLES,2004,318.1720289
COLES,2005,411.7860947
COLES,2006,288.4878195
COLES,2007,333.3366505
COLES,2008,382.7047087
COLES,2009,360.3562271
COLES,2010,347.1713991
COLES,2011,385.4491521
COLES,2012,428.1166375
COLES,2013,472.3874103
COLES,2014,376.1620748
COLES,2015,414.753168
COLES,2016,473.2350903
COLES,2017,470.066495
COLES,2018,331.4229501
COLES,2019,488.901866
COLES,2020,417.9559139
GALLATIN,2000,508.04763
GALLATIN,2001,448.9563319
GALLATIN,2002,441.2836915
GALLATIN,2003,575.9679392
GALLATIN,2004,427.9672813
GALLATIN,2005,627.606583
GALLATIN,2006,494.1245094
GALLATIN,2007,427.2614524
GALLATIN,2008,589.9281903
GALLATIN,2009,488.7681614
GALLATIN,2010,527.3801451
GALLATIN,2011,550.4793248
GALLATIN,2012,639.4154629
GALLATIN,2013,515.5084032
GALLATIN,2014,480.6475526
GALLATIN,2015,569.6969593
GALLATIN,2016,616.3381454
GALLATIN,2017,504.8692723
GALLATIN,2018,390.0315049
GALLATIN,2019,598.7036262
GALLATIN,2020,555.0963616
DOUGLAS,2000,243.6316897
DOUGLAS,2001,237.7638291
DOUGLAS,2002,323.4886572
DOUGLAS,2003,269.3046445
DOUGLAS,2004,253.1194842
DOUGLAS,2005,321.230332
DOUGLAS,2006,254.1437161
DOUGLAS,2007,266.6325821
DOUGLAS,2008,321.4063462
DOUGLAS,2009,304.416734
DOUGLAS,2010,296.9851959
DOUGLAS,2011,356.5189382
DOUGLAS,2012,371.6788327
DOUGLAS,2013,400.4872035
DOUGLAS,2014,316.3941986
DOUGLAS,2015,355.6400394
DOUGLAS,2016,387.6283671
DOUGLAS,2017,400.5999127
DOUGLAS,2018,290.618594
DOUGLAS,2019,431.1497447
DOUGLAS,2020,388.4964191
RANDOLPH,2000,537.4821329
RANDOLPH,2001,431.6326607
RANDOLPH,2002,555.5237968
RANDOLPH,2003,552.4023621
RANDOLPH,2004,482.9257822
RANDOLPH,2005,620.9555272
RANDOLPH,2006,478.9931701
RANDOLPH,2007,493.378242
RANDOLPH,2008,582.0721335
RANDOLPH,2009,558.7920848
RANDOLPH,2010,540.2782517
RANDOLPH,2011,600.8635238
RANDOLPH,2012,503.3309479
RANDOLPH,2013,603.4697408
RANDOLPH,2014,495.1765199
RANDOLPH,2015,619.6687125
RANDOLPH,2016,637.9812787
RANDOLPH,2017,606.0980162
RANDOLPH,2018,458.1513913
RANDOLPH,2019,639.1670035
RANDOLPH,2020,638.948133
CHRISTIAN,2000,267.6545185
CHRISTIAN,2001,243.8431096
CHRISTIAN,2002,363.9952668
CHRISTIAN,2003,288.7747737
CHRISTIAN,2004,265.6050349
CHRISTIAN,2005,344.6568287
CHRISTIAN,2006,244.6917742
CHRISTIAN,2007,297.3417435
CHRISTIAN,2008,336.0113364
CHRISTIAN,2009,310.1393929
CHRISTIAN,2010,307.0806959
CHRISTIAN,2011,353.6259944
CHRISTIAN,2012,374.9703245
CHRISTIAN,2013,422.7680088
CHRISTIAN,2014,331.2917061
CHRISTIAN,2015,357.9689286
CHRISTIAN,2016,410.41288
CHRISTIAN,2017,472.4878344
CHRISTIAN,2018,304.4904932
CHRISTIAN,2019,446.3859084
CHRISTIAN,2020,366.3129666
WILL,2000,299.2986021
WILL,2001,348.238038
WILL,2002,366.6372304
WILL,2003,302.5382858
WILL,2004,385.2082917
WILL,2005,405.902535
WILL,2006,345.9788775
WILL,2007,298.8094986
WILL,2008,327.1724336
WILL,2009,256.1658357
WILL,2010,346.722985
WILL,2011,339.2199128
WILL,2012,477.2654078
WILL,2013,327.1308038
WILL,2014,369.3284801
WILL,2015,425.8827089
WILL,2016,450.501087
WILL,2017,506.8810717
WILL,2018,257.0422727
WILL,2019,398.0814702
WILL,2020,425.1896571
MACOUPIN,2000,393.6795942
MACOUPIN,2001,335.2961003
MACOUPIN,2002,465.9362024
MACOUPIN,2003,432.0341055
MACOUPIN,2004,374.7180113
MACOUPIN,2005,499.8096634
MACOUPIN,2006,333.7296392
MACOUPIN,2007,380.9585431
MACOUPIN,2008,446.4003978
MACOUPIN,2009,454.4489778
MACOUPIN,2010,409.8966715
MACOUPIN,2011,447.0881405
MACOUPIN,2012,485.9854011
MACOUPIN,2013,554.9572586
MACOUPIN,2014,492.8664293
MACOUPIN,2015,510.3726591
MACOUPIN,2016,547.692936
MACOUPIN,2017,537.9836655
MACOUPIN,2018,372.4637988
MACOUPIN,2019,622.445541
MACOUPIN,2020,504.403652
JEFFERSON,2000,491.4041935
JEFFERSON,2001,433.0758904
JEFFERSON,2002,497.8368108
JEFFERSON,2003,537.590574
JEFFERSON,2004,479.224984
JEFFERSON,2005,663.9694091
JEFFERSON,2006,472.3124421
JEFFERSON,2007,434.0646579
JEFFERSON,2008,620.1641198
JEFFERSON,2009,541.0530439
JEFFERSON,2010,519.1689837
JEFFERSON,2011,599.1792484
JEFFERSON,2012,497.7500697
JEFFERSON,2013,617.6666113
JEFFERSON,2014,556.823622
JEFFERSON,2015,629.916157
JEFFERSON,2016,705.8129169
JEFFERSON,2017,592.809092
JEFFERSON,2018,473.166035
JEFFERSON,2019,688.3014539
JEFFERSON,2020,603.5913083
POPE,2000,671.0242513
POPE,2001,646.7885982
POPE,2002,716.3258892
POPE,2003,744.1365764
POPE,2004,578.594744
POPE,2005,892.0901754
POPE,2006,658.5577621
POPE,2007,594.583107
POPE,2008,769.77696
POPE,2009,720.2751497
POPE,2010,618.0692461
POPE,2011,749.7007243
POPE,2012,581.8751256
POPE,2013,728.1927235
POPE,2014,617.6539941
POPE,2015,774.8943393
POPE,2016,789.8880222
POPE,2017,709.9471121
POPE,2018,548.700472
POPE,2019,746.3187804
POPE,2020,789.3612513
STARK,2000,269.4052002
STARK,2001,231.803032
STARK,2002,269.9190831
STARK,2003,249.2248342
STARK,2004,270.0146408
STARK,2005,289.1692998
STARK,2006,258.7600083
STARK,2007,257.4777279
STARK,2008,250.7522123
STARK,2009,214.6220581
STARK,2010,280.1869197
STARK,2011,259.5073659
STARK,2012,329.3373461
STARK,2013,243.4258473
STARK,2014,291.3414885
STARK,2015,407.5120748
STARK,2016,340.6910358
STARK,2017,420.2055794
STARK,2018,234.4023896
STARK,2019,387.6748875
STARK,2020,364.2942488
SCHUYLER,2000,405.2124182
SCHUYLER,2001,382.4973898
SCHUYLER,2002,421.5886062
SCHUYLER,2003,463.6609223
SCHUYLER,2004,432.6655564
SCHUYLER,2005,519.9992365
SCHUYLER,2006,345.4235819
SCHUYLER,2007,411.8397981
SCHUYLER,2008,383.752635
SCHUYLER,2009,409.8446365
SCHUYLER,2010,488.816609
SCHUYLER,2011,429.8359681
SCHUYLER,2012,433.9996493
SCHUYLER,2013,492.4206637
SCHUYLER,2014,523.9245942
SCHUYLER,2015,535.7242591
SCHUYLER,2016,557.0311902
SCHUYLER,2017,582.8370343
SCHUYLER,2018,396.7054722
SCHUYLER,2019,595.5464937
SCHUYLER,2020,531.6541333
STEPHENSON,2000,308.1242304
STEPHENSON,2001,350.4672025
STEPHENSON,2002,341.6836202
STEPHENSON,2003,267.4984341
STEPHENSON,2004,362.2068689
STEPHENSON,2005,385.4575329
STEPHENSON,2006,333.3305585
STEPHENSON,2007,295.7016524
STEPHENSON,2008,285.2664168
STEPHENSON,2009,227.4607719
STEPHENSON,2010,324.0594672
STEPHENSON,2011,263.4885588
STEPHENSON,2012,363.5405814
STEPHENSON,2013,205.4196884
STEPHENSON,2014,280.2456936
STEPHENSON,2015,379.261008
STEPHENSON,2016,354.156851
STEPHENSON,2017,414.7287424
STEPHENSON,2018,222.3856697
STEPHENSON,2019,355.4951263
STEPHENSON,2020,375.0186221
LOGAN,2000,247.7372081
LOGAN,2001,224.3314232
LOGAN,2002,325.2933294
LOGAN,2003,244.2816098
LOGAN,2004,252.5997467
LOGAN,2005,336.0106697
LOGAN,2006,240.5989392
LOGAN,2007,262.9950905
LOGAN,2008,298.9956683
LOGAN,2009,261.3351003
LOGAN,2010,288.3199547
LOGAN,2011,320.3414733
LOGAN,2012,351.1139191
LOGAN,2013,365.151521
LOGAN,2014,340.023137
LOGAN,2015,365.850176
LOGAN,2016,387.6643815
LOGAN,2017,458.2179089
LOGAN,2018,262.8478865
LOGAN,2019,438.6901288
LOGAN,2020,377.9157507
LEE,2000,244.288477
LEE,2001,265.7724367
LEE,2002,304.4958487
LEE,2003,216.8115198
LEE,2004,310.0357551
LEE,2005,315.0313205
LEE,2006,274.0613712
LEE,2007,250.4640677
LEE,2008,261.0764878
LEE,2009,200.7895974
LEE,2010,269.4480716
LEE,2011,247.0001767
LEE,2012,327.5172737
LEE,2013,207.5912942
LEE,2014,280.5414343
LEE,2015,408.5880564
LEE,2016,335.1859702
LEE,2017,410.4957503
LEE,2018,212.7999865
LEE,2019,361.9598751
LEE,2020,348.8604218
FAYETTE,2000,463.9041588
FAYETTE,2001,381.2249892
FAYETTE,2002,499.4065519
FAYETTE,2003,484.3951737
FAYETTE,2004,417.4252033
FAYETTE,2005,547.3246797
FAYETTE,2006,369.3313702
FAYETTE,2007,401.8683014
FAYETTE,2008,487.5118508
FAYETTE,2009,490.8705804
FAYETTE,2010,447.7757571
FAYETTE,2011,497.4078207
FAYETTE,2012,488.6038679
FAYETTE,2013,544.3034701
FAYETTE,2014,470.666458
FAYETTE,2015,544.086359
FAYETTE,2016,583.2597711
FAYETTE,2017,540.0868893
FAYETTE,2018,398.2184944
FAYETTE,2019,576.7197024
FAYETTE,2020,486.4385113
LA SALLE,2000,243.2292425
LA SALLE,2001,257.9476435
LA SALLE,2002,313.715456
LA SALLE,2003,238.7632268
LA SALLE,2004,309.4026753
LA SALLE,2005,331.9022418
LA SALLE,2006,264.3190487
LA SALLE,2007,254.4114695
LA SALLE,2008,277.3162274
LA SALLE,2009,210.4796093
LA SALLE,2010,285.2463611
LA SALLE,2011,273.8380355
LA SALLE,2012,340.6036119
LA SALLE,2013,256.3744358
LA SALLE,2014,316.2103858
LA SALLE,2015,380.5573884
LA SALLE,2016,330.6658486
LA SALLE,2017,448.9286857
LA SALLE,2018,228.3332867
LA SALLE,2019,363.7971578
LA SALLE,2020,354.5957361
PEORIA,2000,346.0050866
PEORIA,2001,337.7357001
PEORIA,2002,370.1704799
PEORIA,2003,348.4778778
PEORIA,2004,360.2316968
PEORIA,2005,430.0069373
PEORIA,2006,321.9910386
PEORIA,2007,339.9181608
PEORIA,2008,329.1270486
PEORIA,2009,307.2783374
PEORIA,2010,367.521771
PEORIA,2011,356.468297
PEORIA,2012,472.8769156
PEORIA,2013,362.6559284
PEORIA,2014,387.7221662
PEORIA,2015,500.6540494
PEORIA,2016,447.3802785
PEORIA,2017,508.2682155
PEORIA,2018,302.3082041
PEORIA,2019,498.0807992
PEORIA,2020,454.5972624
RICHLAND,2000,494.7321359
RICHLAND,2001,381.4171264
RICHLAND,2002,402.315536
RICHLAND,2003,517.0820358
RICHLAND,2004,446.7827082
RICHLAND,2005,482.4269568
RICHLAND,2006,412.6079552
RICHLAND,2007,439.7002033
RICHLAND,2008,654.6507741
RICHLAND,2009,509.6497762
RICHLAND,2010,497.2844952
RICHLAND,2011,507.7769118
RICHLAND,2012,522.4913845
RICHLAND,2013,551.527202
RICHLAND,2014,445.2192074
RICHLAND,2015,491.0248228
RICHLAND,2016,609.2743853
RICHLAND,2017,500.3252168
RICHLAND,2018,410.2818255
RICHLAND,2019,610.8697456
RICHLAND,2020,493.8207413
WILLIAMSON,2000,554.3103941
WILLIAMSON,2001,539.4384462
WILLIAMSON,2002,639.2554189
WILLIAMSON,2003,643.1793492
WILLIAMSON,2004,508.4709614
WILLIAMSON,2005,748.0619121
WILLIAMSON,2006,534.7255473
WILLIAMSON,2007,538.6874654
WILLIAMSON,2008,620.4578932
WILLIAMSON,2009,606.3815644
WILLIAMSON,2010,596.4445776
WILLIAMSON,2011,662.1470318
WILLIAMSON,2012,515.6379158
WILLIAMSON,2013,655.031542
WILLIAMSON,2014,550.3557586
WILLIAMSON,2015,682.6404858
WILLIAMSON,2016,755.7180361
WILLIAMSON,2017,595.7760136
WILLIAMSON,2018,481.9631377
WILLIAMSON,2019,691.6223262
WILLIAMSON,2020,704.1172182
IROQUOIS,2000,204.8277125
IROQUOIS,2001,244.2377433
IROQUOIS,2002,313.9061553
IROQUOIS,2003,247.8533695
IROQUOIS,2004,232.2018163
IROQUOIS,2005,306.4020352
IROQUOIS,2006,251.5373493
IROQUOIS,2007,234.8832854
IROQUOIS,2008,268.9752137
IROQUOIS,2009,210.494129
IROQUOIS,2010,243.480498
IROQUOIS,2011,296.8724049
IROQUOIS,2012,351.3070454
IROQUOIS,2013,323.3936155
IROQUOIS,2014,322.0286246
IROQUOIS,2015,361.0677234
IROQUOIS,2016,356.9304169
IROQUOIS,2017,462.8284339
IROQUOIS,2018,245.7902748
IROQUOIS,2019,372.2123948
IROQUOIS,2020,349.0567689
KANE,2000,251.8071364
KANE,2001,328.2394631
KANE,2002,354.3390581
KANE,2003,241.8990557
KANE,2004,359.4861289
KANE,2005,379.4440655
KANE,2006,331.9273331
KANE,2007,296.9647205
KANE,2008,301.2401352
KANE,2009,239.6404594
KANE,2010,347.0483941
KANE,2011,282.9335855
KANE,2012,387.3208208
KANE,2013,237.9523457
KANE,2014,318.2581666
KANE,2015,395.6441793
KANE,2016,350.9469597
KANE,2017,497.3989836
KANE,2018,231.3367819
KANE,2019,357.7344409
KANE,2020,390.3837661
SHELBY,2000,344.3114474
SHELBY,2001,300.9834105
SHELBY,2002,411.9863608
SHELBY,2003,355.2718545
SHELBY,2004,327.6922094
SHELBY,2005,417.4578973
SHELBY,2006,293.6589503
SHELBY,2007,357.5147102
SHELBY,2008,407.1063179
SHELBY,2009,379.9608551
SHELBY,2010,362.2153669
SHELBY,2011,390.7116551
SHELBY,2012,459.3480224
SHELBY,2013,491.7228552
SHELBY,2014,391.3423501
SHELBY,2015,422.9256082
SHELBY,2016,482.4653602
SHELBY,2017,511.5833815
SHELBY,2018,344.2830175
SHELBY,2019,505.0515139
SHELBY,2020,428.7438227
MONROE,2000,537.2708979
MONROE,2001,406.9020112
MONROE,2002,572.7671414
MONROE,2003,576.5501444
MONROE,2004,477.7996288
MONROE,2005,629.5357447
MONROE,2006,493.3148887
MONROE,2007,554.0879082
MONROE,2008,629.7845203
MONROE,2009,569.4006024
MONROE,2010,502.7584013
MONROE,2011,609.8194878
MONROE,2012,539.1902388
MONROE,2013,590.6767529
MONROE,2014,544.6789164
MONROE,2015,593.3547057
MONROE,2016,681.1412519
MONROE,2017,592.2346186
MONROE,2018,479.1446792
MONROE,2019,659.8136083
MONROE,2020,627.9818611
CARROLL,2000,292.4705349
CARROLL,2001,341.4332326
CARROLL,2002,311.16339
CARROLL,2003,264.4007714
CARROLL,2004,360.9535523
CARROLL,2005,375.5717251
CARROLL,2006,319.9615032
CARROLL,2007,295.8519396
CARROLL,2008,285.2874823
CARROLL,2009,234.8841467
CARROLL,2010,324.8337778
CARROLL,2011,269.4777078
CARROLL,2012,357.9392435
CARROLL,2013,205.994527
CARROLL,2014,284.3215298
CARROLL,2015,407.0719357
CARROLL,2016,364.2721895
CARROLL,2017,454.6923884
CARROLL,2018,230.8401136
CARROLL,2019,375.5785245
CARROLL,2020,374.7725388
CLAY,2000,492.5795765
CLAY,2001,356.0754966
CLAY,2002,422.0043213
CLAY,2003,512.5671553
CLAY,2004,424.9015101
CLAY,2005,541.2322577
CLAY,2006,395.7409265
CLAY,2007,420.3023247
CLAY,2008,589.5794357
CLAY,2009,466.7827767
CLAY,2010,482.2276072
CLAY,2011,525.2849256
CLAY,2012,531.1108591
CLAY,2013,588.5572709
CLAY,2014,497.5368998
CLAY,2015,540.7831915
CLAY,2016,653.3469917
CLAY,2017,552.1089781
CLAY,2018,442.80842
CLAY,2019,616.7688931
CLAY,2020,504.6702989
MASSAC,2000,593.878003
MASSAC,2001,556.6071736
MASSAC,2002,620.955875
MASSAC,2003,689.1520706
MASSAC,2004,537.0768072
MASSAC,2005,722.0296559
MASSAC,2006,594.6681414
MASSAC,2007,520.827511
MASSAC,2008,623.8910777
MASSAC,2009,618.5469858
MASSAC,2010,604.6870273
MASSAC,2011,659.5435747
MASSAC,2012,701.9623207
MASSAC,2013,646.174125
MASSAC,2014,549.8187501
MASSAC,2015,645.7952641
MASSAC,2016,708.2455024
MASSAC,2017,642.1501392
MASSAC,2018,532.3111312
MASSAC,2019,673.080524
MASSAC,2020,726.0712412
JOHNSON,2000,586.1111939
JOHNSON,2001,571.7943454
JOHNSON,2002,687.2240692
JOHNSON,2003,677.3430812
JOHNSON,2004,529.6968617
JOHNSON,2005,804.7842942
JOHNSON,2006,580.8554062
JOHNSON,2007,580.185262
JOHNSON,2008,657.4998426
JOHNSON,2009,674.4205287
JOHNSON,2010,605.2428642
JOHNSON,2011,700.3206753
JOHNSON,2012,527.3060376
JOHNSON,2013,701.9477448
JOHNSON,2014,567.2452613
JOHNSON,2015,727.7309062
JOHNSON,2016,771.0577184
JOHNSON,2017,640.5748918
JOHNSON,2018,525.9278733
JOHNSON,2019,712.6127572
JOHNSON,2020,757.6676071
BROWN,2000,427.7125561
BROWN,2001,397.6760985
BROWN,2002,449.4945718
BROWN,2003,501.2990127
BROWN,2004,450.3711075
BROWN,2005,524.651828
BROWN,2006,360.5143478
BROWN,2007,423.1604887
BROWN,2008,416.2065518
BROWN,2009,416.700673
BROWN,2010,494.3237303
BROWN,2011,421.8082834
BROWN,2012,464.7740794
BROWN,2013,512.797855
BROWN,2014,532.5226374
BROWN,2015,555.1964158
BROWN,2016,563.8333948
BROWN,2017,603.9695012
BROWN,2018,396.1325285
BROWN,2019,598.7237986
BROWN,2020,544.684064
KANKAKEE,2000,237.2445857
KANKAKEE,2001,289.3775217
KANKAKEE,2002,342.8722141
KANKAKEE,2003,294.3233759
KANKAKEE,2004,296.417059
KANKAKEE,2005,356.0716687
KANKAKEE,2006,296.9344906
KANKAKEE,2007,265.3767654
KANKAKEE,2008,302.2394643
KANKAKEE,2009,221.9927211
KANKAKEE,2010,280.8472372
KANKAKEE,2011,312.0832243
KANKAKEE,2012,394.2481367
KANKAKEE,2013,323.9978544
KANKAKEE,2014,343.8817173
KANKAKEE,2015,382.3240848
KANKAKEE,2016,399.8852207
KANKAKEE,2017,460.475546
KANKAKEE,2018,248.563065
KANKAKEE,2019,384.3737892
KANKAKEE,2020,375.4831864
SANGAMON,2000,288.7963726
SANGAMON,2001,259.3897759
SANGAMON,2002,357.0618006
SANGAMON,2003,303.3975072
SANGAMON,2004,288.8772825
SANGAMON,2005,378.7725387
SANGAMON,2006,268.5423635
SANGAMON,2007,308.6556254
SANGAMON,2008,342.5060847
SANGAMON,2009,312.3866122
SANGAMON,2010,332.2989282
SANGAMON,2011,357.0111489
SANGAMON,2012,418.0819
SANGAMON,2013,432.3354044
SANGAMON,2014,375.4555121
SANGAMON,2015,391.0463182
SANGAMON,2016,444.5385748
SANGAMON,2017,467.2539474
SANGAMON,2018,310.0594925
SANGAMON,2019,520.5948232
SANGAMON,2020,416.3002116
BOONE,2000,255.3615898
BOONE,2001,330.5375974
BOONE,2002,329.9684206
BOONE,2003,227.4382126
BOONE,2004,329.8235542
BOONE,2005,363.992023
BOONE,2006,338.445372
BOONE,2007,292.3641793
BOONE,2008,289.5613039
BOONE,2009,225.0973925
BOONE,2010,316.343599
BOONE,2011,256.0010855
BOONE,2012,358.4032562
BOONE,2013,222.2250103
BOONE,2014,285.864644
BOONE,2015,376.3499782
BOONE,2016,349.2179547
BOONE,2017,435.563132
BOONE,2018,202.8097398
BOONE,2019,359.6075985
BOONE,2020,354.8967385
MORGAN,2000,310.8837175
MORGAN,2001,285.0422239
MORGAN,2002,365.335658
MORGAN,2003,346.6755709
MORGAN,2004,313.1570375
MORGAN,2005,395.9501656
MORGAN,2006,283.8109393
MORGAN,2007,332.4907148
MORGAN,2008,357.9054162
MORGAN,2009,324.28014
MORGAN,2010,350.821199
MORGAN,2011,355.0726486
MORGAN,2012,434.0608762
MORGAN,2013,463.1813444
MORGAN,2014,432.3229881
MORGAN,2015,394.9759168
MORGAN,2016,436.113356
MORGAN,2017,448.1986452
MORGAN,2018,317.5181944
MORGAN,2019,485.8449905
MORGAN,2020,447.8834954
EDWARDS,2000,544.9083565
EDWARDS,2001,404.0717807
EDWARDS,2002,429.0234759
EDWARDS,2003,566.7281041
EDWARDS,2004,490.663858
EDWARDS,2005,530.0771221
EDWARDS,2006,462.3486562
EDWARDS,2007,456.7400408
EDWARDS,2008,605.2445535
EDWARDS,2009,512.3726546
EDWARDS,2010,492.0248761
EDWARDS,2011,523.9669218
EDWARDS,2012,526.2777737
EDWARDS,2013,533.8178754
EDWARDS,2014,421.5068743
EDWARDS,2015,511.7764844
EDWARDS,2016,649.7057896
EDWARDS,2017,547.4581585
EDWARDS,2018,429.4903482
EDWARDS,2019,697.7201147
EDWARDS,2020,547.2417172
WABASH,2000,488.9215536
WABASH,2001,396.6740186
WABASH,2002,408.4280447
WABASH,2003,487.0724902
WABASH,2004,415.0649514
WABASH,2005,483.2416125
WABASH,2006,398.2226288
WABASH,2007,406.4303066
WABASH,2008,565.6458663
WABASH,2009,479.7037689
WABASH,2010,431.4378723
WABASH,2011,461.0832608
WABASH,2012,588.3724556
WABASH,2013,500.0809568
WABASH,2014,423.2777555
WABASH,2015,460.629697
WABASH,2016,527.7414482
WABASH,2017,455.7056908
WABASH,2018,336.0703669
WABASH,2019,548.5132388
WABASH,2020,461.574303
WAYNE,2000,474.3463347
WAYNE,2001,374.0278243
WAYNE,2002,431.8812787
WAYNE,2003,504.3676189
WAYNE,2004,438.8200138
WAYNE,2005,559.03944
WAYNE,2006,422.116924
WAYNE,2007,427.3449797
WAYNE,2008,617.5862565
WAYNE,2009,521.6134347
WAYNE,2010,477.5498487
WAYNE,2011,569.2449709
WAYNE,2012,528.0315939
WAYNE,2013,571.2074467
WAYNE,2014,486.6311185
WAYNE,2015,561.235929
WAYNE,2016,654.5236056
WAYNE,2017,560.9748542
WAYNE,2018,418.5805311
WAYNE,2019,632.8801094
WAYNE,2020,526.264298
FULTON,2000,353.2755015
FULTON,2001,349.8907053
FULTON,2002,376.9316736
FULTON,2003,391.6657436
FULTON,2004,375.2792254
FULTON,2005,456.2202736
FULTON,2006,312.3779041
FULTON,2007,366.2530075
FULTON,2008,343.8651139
FULTON,2009,348.1776414
FULTON,2010,424.9049515
FULTON,2011,393.6225753
FULTON,2012,461.8474237
FULTON,2013,413.4095666
FULTON,2014,462.8127588
FULTON,2015,497.7333933
FULTON,2016,498.9409506
FULTON,2017,541.7515317
FULTON,2018,356.0301048
FULTON,2019,561.2258878
FULTON,2020,486.8950857
WASHINGTON,2000,642.4673801
WASHINGTON,2001,472.7038076
WASHINGTON,2002,462.5535048
WASHINGTON,2003,610.3053035
WASHINGTON,2004,586.2273959
WASHINGTON,2005,562.0540172
WASHINGTON,2006,510.6015021
WASHINGTON,2007,503.664493
WASHINGTON,2008,695.1804244
WASHINGTON,2009,522.447044
WASHINGTON,2010,498.4299761
WASHINGTON,2011,565.6430114
WASHINGTON,2012,544.9473248
WASHINGTON,2013,641.4304712
WASHINGTON,2014,537.9561885
WASHINGTON,2015,602.2812696
WASHINGTON,2016,617.5640857
WASHINGTON,2017,611.9797543
WASHINGTON,2018,527.2759208
WASHINGTON,2019,697.1563069
WASHINGTON,2020,666.7791477
MOULTRIE,2000,263.6913281
MOULTRIE,2001,245.4012669
MOULTRIE,2002,346.397323
MOULTRIE,2003,280.7051791
MOULTRIE,2004,263.3637532
MOULTRIE,2005,343.7854453
MOULTRIE,2006,246.9457063
MOULTRIE,2007,293.9496011
MOULTRIE,2008,332.8927183
MOULTRIE,2009,295.0600832
MOULTRIE,2010,312.0128056
MOULTRIE,2011,339.3622935
MOULTRIE,2012,397.3949792
MOULTRIE,2013,450.4455086
MOULTRIE,2014,330.6673596
MOULTRIE,2015,355.6811476
MOULTRIE,2016,411.0378796
MOULTRIE,2017,466.6034216
MOULTRIE,2018,309.6464502
MOULTRIE,2019,457.8514756
MOULTRIE,2020,392.4385859
TAZEWELL,2000,281.3769922
TAZEWELL,2001,276.3290646
TAZEWELL,2002,322.950797
TAZEWELL,2003,285.0689533
TAZEWELL,2004,300.2848496
TAZEWELL,2005,368.9484112
TAZEWELL,2006,280.4637756
TAZEWELL,2007,297.9801801
TAZEWELL,2008,322.8499996
TAZEWELL,2009,266.9115719
TAZEWELL,2010,324.5511023
TAZEWELL,2011,342.7567192
TAZEWELL,2012,415.6006891
TAZEWELL,2013,390.5344854
TAZEWELL,2014,379.3896607
TAZEWELL,2015,418.1782735
TAZEWELL,2016,423.2476446
TAZEWELL,2017,500.0247355
TAZEWELL,2018,293.0293056
TAZEWELL,2019,491.5466156
TAZEWELL,2020,429.9108158
WARREN,2000,279.5421935
WARREN,2001,286.6127727
WARREN,2002,278.6131819
WARREN,2003,308.0733743
WARREN,2004,308.5443928
WARREN,2005,348.7397693
WARREN,2006,267.8540617
WARREN,2007,294.0171429
WARREN,2008,265.3262712
WARREN,2009,266.2150483
WARREN,2010,346.1238286
WARREN,2011,304.9664928
WARREN,2012,359.9466202
WARREN,2013,312.3948621
WARREN,2014,333.9989763
WARREN,2015,399.3433484
WARREN,2016,415.7367723
WARREN,2017,425.8117057
WARREN,2018,292.6057372
WARREN,2019,451.5554597
WARREN,2020,404.5301476
PULASKI,2000,606.3637365
PULASKI,2001,520.5093776
PULASKI,2002,593.6302166
PULASKI,2003,638.0113478
PULASKI,2004,530.0951475
PULASKI,2005,670.5047495
PULASKI,2006,528.8526286
PULASKI,2007,547.9700654
PULASKI,2008,672.3962874
PULASKI,2009,605.0034112
PULASKI,2010,606.5800289
PULASKI,2011,656.4770781
PULASKI,2012,757.8728847
PULASKI,2013,644.7250639
PULASKI,2014,547.3451101
PULASKI,2015,644.8445355
PULASKI,2016,666.725259
PULASKI,2017,642.5643083
PULASKI,2018,537.5646347
PULASKI,2019,706.5984917
PULASKI,2020,754.8331471
MADISON,2000,538.7618268
MADISON,2001,399.2002103
MADISON,2002,548.1325393
MADISON,2003,534.8223942
MADISON,2004,460.7862193
MADISON,2005,571.6581063
MADISON,2006,446.3815587
MADISON,2007,445.2062422
MADISON,2008,585.0204228
MADISON,2009,519.4000465
MADISON,2010,477.6389358
MADISON,2011,543.9450534
MADISON,2012,528.2632886
MADISON,2013,590.6983722
MADISON,2014,518.5325644
MADISON,2015,568.4359858
MADISON,2016,621.3912409
MADISON,2017,560.5367792
MADISON,2018,461.7019952
MADISON,2019,681.061553
MADISON,2020,566.1198908
MONTGOMERY,2000,373.3142121
MONTGOMERY,2001,321.8726384
MONTGOMERY,2002,434.4538363
MONTGOMERY,2003,386.9740739
MONTGOMERY,2004,353.3429834
MONTGOMERY,2005,440.2616206
MONTGOMERY,2006,312.6231768
MONTGOMERY,2007,346.4189391
MONTGOMERY,2008,439.9072607
MONTGOMERY,2009,422.3989639
MONTGOMERY,2010,375.8299405
MONTGOMERY,2011,419.2023106
MONTGOMERY,2012,482.4664826
MONTGOMERY,2013,483.0331667
MONTGOMERY,2014,418.6601369
MONTGOMERY,2015,459.1244987
MONTGOMERY,2016,525.6251661
MONTGOMERY,2017,498.5933264
MONTGOMERY,2018,349.397469
MONTGOMERY,2019,532.168189
MONTGOMERY,2020,440.8651553
MENARD,2000,279.9034377
MENARD,2001,272.876418
MENARD,2002,357.942678
MENARD,2003,299.3129186
MENARD,2004,299.4641108
MENARD,2005,386.2552838
MENARD,2006,280.3378501
MENARD,2007,315.2169574
MENARD,2008,344.7263849
MENARD,2009,315.6003733
MENARD,2010,350.5836503
MENARD,2011,366.9910696
MENARD,2012,407.048356
MENARD,2013,419.228839
MENARD,2014,385.2775219
MENARD,2015,414.7511447
MENARD,2016,435.0737646
MENARD,2017,480.2872773
MENARD,2018,287.0930229
MENARD,2019,521.8669075
MENARD,2020,431.1761233
HANCOCK,2000,333.3316842
HANCOCK,2001,357.7192051
HANCOCK,2002,348.5898697
HANCOCK,2003,402.9884129
HANCOCK,2004,378.0863396
HANCOCK,2005,419.8479077
HANCOCK,2006,308.0135194
HANCOCK,2007,361.437604
HANCOCK,2008,326.4899897
HANCOCK,2009,323.657583
HANCOCK,2010,458.5580663
HANCOCK,2011,336.7324911
HANCOCK,2012,427.1781693
HANCOCK,2013,421.07857
HANCOCK,2014,416.6202308
HANCOCK,2015,436.1922987
HANCOCK,2016,472.8884337
HANCOCK,2017,431.2136111
HANCOCK,2018,337.536629
HANCOCK,2019,469.4062733
HANCOCK,2020,479.5030981
MCLEAN,2000,223.0747217
MCLEAN,2001,226.0222652
MCLEAN,2002,338.7476795
MCLEAN,2003,249.0880399
MCLEAN,2004,243.194653
MCLEAN,2005,319.941143
MCLEAN,2006,260.4891931
MCLEAN,2007,257.573233
MCLEAN,2008,275.3110828
MCLEAN,2009,234.1268346
MCLEAN,2010,260.0148449
MCLEAN,2011,302.968212
MCLEAN,2012,328.2636416
MCLEAN,2013,321.8608436
MCLEAN,2014,334.360969
MCLEAN,2015,344.3490701
MCLEAN,2016,352.2050473
MCLEAN,2017,453.0704196
MCLEAN,2018,245.4044169
MCLEAN,2019,372.3991182
MCLEAN,2020,367.9643874
