County,Year,NDWI
UNION,2000,0.02259125
MCDONOUGH,2000,0.009369182
WINNEBAGO,2000,0.016177508
MARSHALL,2000,0.015454065
JERSEY,2000,0.01190199
BUREAU,2000,0.021503736
PUTNAM,2000,0.023477098
MASON,2000,0.009278463
OGLE,2000,0.014667804
DU PAGE,2000,0.024453026
LAKE,2000,0.019020581
CASS,2000,0.002020777
LAWRENCE,2000,0.014380215
CHAMPAIGN,2000,0.015504865
FORD,2000,0.004081506
SCOTT,2000,0.008627698
ALEXANDER,2000,0.020983553
CLARK,2000,0.024030025
ROCK ISLAND,2000,0.021602962
HARDIN,2000,0.030865467
CALHOUN,2000,0.030426099
JACKSON,2000,0.022143618
BOND,2000,0.017996822
CRAWFORD,2000,0.017557356
FRANKLIN,2000,0.019046593
PIATT,2000,0.007944808
ST CLAIR,2000,0.010876139
HAMILTON,2000,0.012752286
CUMBERLAND,2000,0.021653185
ADAMS,2000,0.013848146
DE WITT,2000,0.00880714
JO DAVIESS,2000,0.023638742
VERMILION,2000,0.013406432
EFFINGHAM,2000,0.018436729
COOK,2000,0.020011767
PIKE,2000,0.012865269
MARION,2000,0.016613771
KNOX,2000,0.018056066
MCHENRY,2000,0.018329528
HENDERSON,2000,0.010266392
HENRY,2000,0.018586234
GREENE,2000,0.005112524
SALINE,2000,0.013334558
WHITESIDE,2000,0.015756874
DE KALB,2000,0.021381264
WHITE,2000,0.01089447
LIVINGSTON,2000,0.008019521
WOODFORD,2000,0.012419898
MERCER,2000,0.01647682
MACON,2000,0.008080009
KENDALL,2000,0.018149705
CLINTON,2000,0.019119155
GRUNDY,2000,0.019046438
PERRY,2000,0.012102218
JASPER,2000,0.018195808
EDGAR,2000,0.013064068
COLES,2000,0.015673376
GALLATIN,2000,0.012325228
DOUGLAS,2000,0.011428254
RANDOLPH,2000,0.016136394
CHRISTIAN,2000,0.006005914
WILL,2000,0.020263593
MACOUPIN,2000,-0.000328349
JEFFERSON,2000,0.01785118
POPE,2000,0.028297854
STARK,2000,0.021228711
SCHUYLER,2000,0.014714383
STEPHENSON,2000,0.016680379
LOGAN,2000,0.007992072
LEE,2000,0.018576698
FAYETTE,2000,0.02183894
LA SALLE,2000,0.016404733
PEORIA,2000,0.01758682
RICHLAND,2000,0.009214146
WILLIAMSON,2000,0.022214159
IROQUOIS,2000,0.012496157
KANE,2000,0.021133242
SHELBY,2000,0.018255363
MONROE,2000,0.016999295
CARROLL,2000,0.017897698
CLAY,2000,0.013346315
MASSAC,2000,0.013125868
JOHNSON,2000,0.020732713
BROWN,2000,0.0169762
KANKAKEE,2000,0.023437106
SANGAMON,2000,0.01083085
BOONE,2000,0.019189348
MORGAN,2000,0.00950125
EDWARDS,2000,0.012269
WABASH,2000,0.009652784
WAYNE,2000,0.017199766
FULTON,2000,0.016010068
WASHINGTON,2000,0.016845355
MOULTRIE,2000,0.018097357
TAZEWELL,2000,0.009954646
WARREN,2000,0.008182676
PULASKI,2000,0.013178044
MADISON,2000,0.017339431
MONTGOMERY,2000,0.003077142
MENARD,2000,0.0038897
HANCOCK,2000,0.008021906
MCLEAN,2000,0.007030444
UNION,2001,0.020228786
MCDONOUGH,2001,-0.002578053
WINNEBAGO,2001,0.026467246
MARSHALL,2001,0.012100715
JERSEY,2001,0.002806169
BUREAU,2001,0.02145905
PUTNAM,2001,0.018082445
MASON,2001,-8.85E-05
OGLE,2001,0.029777261
DU PAGE,2001,0.018979277
LAKE,2001,0.01078668
CASS,2001,-0.012272684
LAWRENCE,2001,-0.006501752
CHAMPAIGN,2001,-0.004085569
FORD,2001,0.012905199
SCOTT,2001,-0.015860726
ALEXANDER,2001,0.018416756
CLARK,2001,0.003687522
ROCK ISLAND,2001,0.027098372
HARDIN,2001,0.015573107
CALHOUN,2001,0.021146468
JACKSON,2001,0.016307351
BOND,2001,-0.001085386
CRAWFORD,2001,-0.005141693
FRANKLIN,2001,0.002501706
PIATT,2001,-0.015126293
ST CLAIR,2001,0.004036873
HAMILTON,2001,-0.004208513
CUMBERLAND,2001,-0.000975073
ADAMS,2001,0.009768472
DE WITT,2001,0.00530321
JO DAVIESS,2001,0.029828242
VERMILION,2001,0.004666259
EFFINGHAM,2001,-0.000161407
COOK,2001,0.013545713
PIKE,2001,0.001409914
MARION,2001,0.002271631
KNOX,2001,0.010032482
MCHENRY,2001,0.032454755
HENDERSON,2001,0.018430469
HENRY,2001,0.023896053
GREENE,2001,-0.008892616
SALINE,2001,-0.004214684
WHITESIDE,2001,0.025398692
DE KALB,2001,0.028611713
WHITE,2001,-0.00598367
LIVINGSTON,2001,0.009973448
WOODFORD,2001,0.011970592
MERCER,2001,0.020746732
MACON,2001,-0.015064854
KENDALL,2001,0.023374129
CLINTON,2001,0.0055429
GRUNDY,2001,0.011828745
PERRY,2001,0.003765966
JASPER,2001,-0.005764168
EDGAR,2001,-0.006749802
COLES,2001,-0.00703956
GALLATIN,2001,-0.008708241
DOUGLAS,2001,-0.020654575
RANDOLPH,2001,0.012766709
CHRISTIAN,2001,-0.020198888
WILL,2001,0.022400972
MACOUPIN,2001,-0.014145003
JEFFERSON,2001,0.005108483
POPE,2001,0.016684767
STARK,2001,0.004998662
SCHUYLER,2001,0.014458834
STEPHENSON,2001,0.032531439
LOGAN,2001,-0.000477791
LEE,2001,0.030879074
FAYETTE,2001,-9.36E-05
LA SALLE,2001,0.016950247
PEORIA,2001,0.012125129
RICHLAND,2001,-0.013599007
WILLIAMSON,2001,0.013399507
IROQUOIS,2001,0.015494986
KANE,2001,0.025842219
SHELBY,2001,-0.011094584
MONROE,2001,0.007736675
CARROLL,2001,0.037865142
CLAY,2001,-0.006824843
MASSAC,2001,0.00694453
JOHNSON,2001,0.017703604
BROWN,2001,0.012633612
KANKAKEE,2001,0.021960739
SANGAMON,2001,-0.016562412
BOONE,2001,0.037985258
MORGAN,2001,-0.018259912
EDWARDS,2001,-0.012794915
WABASH,2001,-0.018886895
WAYNE,2001,-0.015156023
FULTON,2001,0.011490746
WASHINGTON,2001,0.007284465
MOULTRIE,2001,-0.022339054
TAZEWELL,2001,0.013275222
WARREN,2001,0.00802592
PULASKI,2001,0.010878857
MADISON,2001,0.00244773
MONTGOMERY,2001,-0.011890353
MENARD,2001,-0.005966906
HANCOCK,2001,0.013335063
MCLEAN,2001,0.007404215
UNION,2002,0.013147595
MCDONOUGH,2002,0.000851036
WINNEBAGO,2002,0.022748952
MARSHALL,2002,0.019935874
JERSEY,2002,0.004491907
BUREAU,2002,0.018574667
PUTNAM,2002,0.025818983
MASON,2002,-0.008685713
OGLE,2002,0.017809924
DU PAGE,2002,0.018455808
LAKE,2002,0.001617226
CASS,2002,-0.006241705
LAWRENCE,2002,-0.003297627
CHAMPAIGN,2002,-0.013447978
FORD,2002,-0.009620622
SCOTT,2002,-0.000648936
ALEXANDER,2002,0.021424249
CLARK,2002,-0.000682051
ROCK ISLAND,2002,0.018049845
HARDIN,2002,0.017239831
CALHOUN,2002,0.021770049
JACKSON,2002,0.00805962
BOND,2002,0.002421127
CRAWFORD,2002,-0.006213944
FRANKLIN,2002,0.005075345
PIATT,2002,-0.015546688
ST CLAIR,2002,0.005444143
HAMILTON,2002,-0.001735423
CUMBERLAND,2002,-0.004269926
ADAMS,2002,-0.001105748
DE WITT,2002,-0.007396443
JO DAVIESS,2002,0.024799265
VERMILION,2002,-0.012541633
EFFINGHAM,2002,-0.000784349
COOK,2002,0.005706962
PIKE,2002,0.003680096
MARION,2002,-0.000537102
KNOX,2002,0.010596484
MCHENRY,2002,0.022260055
HENDERSON,2002,0.003968194
HENRY,2002,0.013257883
GREENE,2002,-0.005739229
SALINE,2002,-0.000238144
WHITESIDE,2002,0.011734209
DE KALB,2002,0.02311743
WHITE,2002,-0.001116172
LIVINGSTON,2002,0.005606417
WOODFORD,2002,0.014471235
MERCER,2002,0.006118344
MACON,2002,-0.012127668
KENDALL,2002,0.01873128
CLINTON,2002,0.013839869
GRUNDY,2002,0.017302892
PERRY,2002,-0.002193781
JASPER,2002,-0.005121271
EDGAR,2002,-0.010510015
COLES,2002,-0.012533522
GALLATIN,2002,0.003594309
DOUGLAS,2002,-0.019196161
RANDOLPH,2002,0.005803166
CHRISTIAN,2002,-0.009253232
WILL,2002,0.010633322
MACOUPIN,2002,-0.005616244
JEFFERSON,2002,0.003612227
POPE,2002,0.015689231
STARK,2002,0.017211134
SCHUYLER,2002,0.006839384
STEPHENSON,2002,0.021817176
LOGAN,2002,-0.01387267
LEE,2002,0.018513713
FAYETTE,2002,0.001138485
LA SALLE,2002,0.018743057
PEORIA,2002,0.016528932
RICHLAND,2002,-0.005580006
WILLIAMSON,2002,0.006366589
IROQUOIS,2002,-0.011436186
KANE,2002,0.023862528
SHELBY,2002,-0.014140738
MONROE,2002,0.009567221
CARROLL,2002,0.026729841
CLAY,2002,-0.005899891
MASSAC,2002,0.004949107
JOHNSON,2002,0.011122716
BROWN,2002,0.008795858
KANKAKEE,2002,0.010912772
SANGAMON,2002,-0.00672507
BOONE,2002,0.029538874
MORGAN,2002,-0.006383931
EDWARDS,2002,-0.002806707
WABASH,2002,-0.001608353
WAYNE,2002,-0.005351313
FULTON,2002,0.008723857
WASHINGTON,2002,0.006908514
MOULTRIE,2002,-0.023922381
TAZEWELL,2002,0.00133278
WARREN,2002,0.001821725
PULASKI,2002,0.009537328
MADISON,2002,0.004277416
MONTGOMERY,2002,-0.005606256
MENARD,2002,-0.007886934
HANCOCK,2002,-0.001436157
MCLEAN,2002,-0.002917373
UNION,2003,0.020329289
MCDONOUGH,2003,0.0051011
WINNEBAGO,2003,0.006730252
MARSHALL,2003,0.003634175
JERSEY,2003,0.011796111
BUREAU,2003,0.005439014
PUTNAM,2003,0.008128349
MASON,2003,0.005512702
OGLE,2003,0.000714216
DU PAGE,2003,0.015105157
LAKE,2003,0.002965671
CASS,2003,0.010541846
LAWRENCE,2003,0.008041882
CHAMPAIGN,2003,-0.008534607
FORD,2003,-0.008196085
SCOTT,2003,0.01296406
ALEXANDER,2003,0.023044096
CLARK,2003,0.016275645
ROCK ISLAND,2003,0.009247704
HARDIN,2003,0.01854388
CALHOUN,2003,0.025260316
JACKSON,2003,0.015672074
BOND,2003,0.00914109
CRAWFORD,2003,0.014103456
FRANKLIN,2003,0.00475625
PIATT,2003,-0.008310197
ST CLAIR,2003,0.010452489
HAMILTON,2003,0.000990951
CUMBERLAND,2003,0.002882588
ADAMS,2003,0.012149178
DE WITT,2003,-0.001289718
JO DAVIESS,2003,0.013374823
VERMILION,2003,0.007637931
EFFINGHAM,2003,0.009607567
COOK,2003,0.009523476
PIKE,2003,0.014177667
MARION,2003,0.008165308
KNOX,2003,0.002746264
MCHENRY,2003,0.010164222
HENDERSON,2003,0.009021762
HENRY,2003,0.002045433
GREENE,2003,0.006330628
SALINE,2003,0.008000616
WHITESIDE,2003,0.004123415
DE KALB,2003,0.004736217
WHITE,2003,0.005764716
LIVINGSTON,2003,-0.012609202
WOODFORD,2003,0.008199232
MERCER,2003,0.006473876
MACON,2003,0.002996145
KENDALL,2003,0.006450437
CLINTON,2003,0.015789787
GRUNDY,2003,-0.000413671
PERRY,2003,0.004422735
JASPER,2003,0.005616633
EDGAR,2003,0.002476522
COLES,2003,0.000420228
GALLATIN,2003,0.01154904
DOUGLAS,2003,-0.007531512
RANDOLPH,2003,0.010597359
CHRISTIAN,2003,0.009862896
WILL,2003,0.003907142
MACOUPIN,2003,0.004097622
JEFFERSON,2003,0.004280115
POPE,2003,0.018631404
STARK,2003,-0.004449675
SCHUYLER,2003,0.015011474
STEPHENSON,2003,0.01048925
LOGAN,2003,0.001937775
LEE,2003,0.002156909
FAYETTE,2003,0.011801184
LA SALLE,2003,0.000356509
PEORIA,2003,0.003582857
RICHLAND,2003,0.012185246
WILLIAMSON,2003,0.013072661
IROQUOIS,2003,-0.00291181
KANE,2003,0.012463954
SHELBY,2003,0.005910744
MONROE,2003,0.015751454
CARROLL,2003,0.014328655
CLAY,2003,0.006325918
MASSAC,2003,0.017138013
JOHNSON,2003,0.018231055
BROWN,2003,0.018043138
KANKAKEE,2003,0.001073625
SANGAMON,2003,0.010305175
BOONE,2003,0.008709195
MORGAN,2003,0.006280756
EDWARDS,2003,0.004706904
WABASH,2003,0.007608394
WAYNE,2003,0.000608823
FULTON,2003,0.004295098
WASHINGTON,2003,0.00984303
MOULTRIE,2003,-0.005294094
TAZEWELL,2003,0.003020686
WARREN,2003,0.012284609
PULASKI,2003,0.016806891
MADISON,2003,0.011786549
MONTGOMERY,2003,0.004775046
MENARD,2003,0.008669549
HANCOCK,2003,0.006899404
MCLEAN,2003,-0.006125764
UNION,2004,0.021152145
MCDONOUGH,2004,0.012627757
WINNEBAGO,2004,0.023024119
MARSHALL,2004,0.012685295
JERSEY,2004,0.00494828
BUREAU,2004,0.017550136
PUTNAM,2004,0.018126865
MASON,2004,-0.003147579
OGLE,2004,0.024957121
DU PAGE,2004,0.020486555
LAKE,2004,0.007012641
CASS,2004,0.001341968
LAWRENCE,2004,0.013219876
CHAMPAIGN,2004,0.002011533
FORD,2004,0.006815585
SCOTT,2004,-0.004982123
ALEXANDER,2004,0.021813011
CLARK,2004,0.006737268
ROCK ISLAND,2004,0.02282225
HARDIN,2004,0.018839797
CALHOUN,2004,0.023615959
JACKSON,2004,0.019289416
BOND,2004,0.003582937
CRAWFORD,2004,0.009457644
FRANKLIN,2004,0.013379557
PIATT,2004,-0.005516536
ST CLAIR,2004,0.00590115
HAMILTON,2004,0.006044378
CUMBERLAND,2004,0.000176601
ADAMS,2004,0.013811644
DE WITT,2004,0.00510893
JO DAVIESS,2004,0.02473298
VERMILION,2004,0.008782991
EFFINGHAM,2004,0.005792891
COOK,2004,0.014444974
PIKE,2004,0.01074023
MARION,2004,0.008438293
KNOX,2004,0.011391183
MCHENRY,2004,0.026176973
HENDERSON,2004,0.018538906
HENRY,2004,0.017346351
GREENE,2004,-0.001832448
SALINE,2004,0.012202534
WHITESIDE,2004,0.022544114
DE KALB,2004,0.025807004
WHITE,2004,0.010071958
LIVINGSTON,2004,0.003077172
WOODFORD,2004,0.010658327
MERCER,2004,0.018289631
MACON,2004,0.003348114
KENDALL,2004,0.021598638
CLINTON,2004,0.008101581
GRUNDY,2004,0.01611846
PERRY,2004,0.010160317
JASPER,2004,0.001006256
EDGAR,2004,-0.000854264
COLES,2004,-0.002678578
GALLATIN,2004,0.01219291
DOUGLAS,2004,-0.000698228
RANDOLPH,2004,0.015604268
CHRISTIAN,2004,-0.008041381
WILL,2004,0.01458065
MACOUPIN,2004,-0.006413046
JEFFERSON,2004,0.010530041
POPE,2004,0.018416303
STARK,2004,0.008680345
SCHUYLER,2004,0.014252197
STEPHENSON,2004,0.025817263
LOGAN,2004,0.0003802
LEE,2004,0.022949893
FAYETTE,2004,0.007843973
LA SALLE,2004,0.014046372
PEORIA,2004,0.015015932
RICHLAND,2004,0.007799267
WILLIAMSON,2004,0.015927415
IROQUOIS,2004,0.014100218
KANE,2004,0.026567031
SHELBY,2004,-0.001544942
MONROE,2004,0.014115757
CARROLL,2004,0.024569522
CLAY,2004,0.002671754
MASSAC,2004,0.015275318
JOHNSON,2004,0.018250598
BROWN,2004,0.016494015
KANKAKEE,2004,0.015179041
SANGAMON,2004,-0.005401208
BOONE,2004,0.028052908
MORGAN,2004,-0.004646373
EDWARDS,2004,0.007641483
WABASH,2004,0.014873704
WAYNE,2004,0.007290781
FULTON,2004,0.009703508
WASHINGTON,2004,0.008979628
MOULTRIE,2004,-0.009167844
TAZEWELL,2004,0.010321438
WARREN,2004,0.008118039
PULASKI,2004,0.013582583
MADISON,2004,0.005907833
MONTGOMERY,2004,-0.007277685
MENARD,2004,-0.002872215
HANCOCK,2004,0.018402934
MCLEAN,2004,0.01133027
UNION,2005,0.024759181
MCDONOUGH,2005,0.003821468
WINNEBAGO,2005,0.021966872
MARSHALL,2005,0.004092923
JERSEY,2005,0.003069248
BUREAU,2005,0.011840606
PUTNAM,2005,0.014745035
MASON,2005,0.005425939
OGLE,2005,0.026713004
DU PAGE,2005,0.011339128
LAKE,2005,0.005483787
CASS,2005,0.0028333
LAWRENCE,2005,0.000797861
CHAMPAIGN,2005,0.002415928
FORD,2005,0.00107857
SCOTT,2005,-0.002835181
ALEXANDER,2005,0.018135047
CLARK,2005,0.004459428
ROCK ISLAND,2005,0.023764639
HARDIN,2005,0.016145588
CALHOUN,2005,0.019304594
JACKSON,2005,0.01360104
BOND,2005,-0.002566238
CRAWFORD,2005,0.004023806
FRANKLIN,2005,0.007816791
PIATT,2005,0.00615088
ST CLAIR,2005,-0.001201015
HAMILTON,2005,-0.004459937
CUMBERLAND,2005,0.006090642
ADAMS,2005,0.002962864
DE WITT,2005,0.004764
JO DAVIESS,2005,0.025381594
VERMILION,2005,0.005896736
EFFINGHAM,2005,0.002493055
COOK,2005,0.015239817
PIKE,2005,0.002929033
MARION,2005,0.000347275
KNOX,2005,0.010294081
MCHENRY,2005,0.017555179
HENDERSON,2005,0.006764682
HENRY,2005,0.010749079
GREENE,2005,-0.002177837
SALINE,2005,0.000925859
WHITESIDE,2005,0.025568862
DE KALB,2005,0.026468335
WHITE,2005,-0.001937682
LIVINGSTON,2005,-0.005325108
WOODFORD,2005,0.005722868
MERCER,2005,0.017414412
MACON,2005,0.00927485
KENDALL,2005,0.005563636
CLINTON,2005,0.003226608
GRUNDY,2005,0.009239473
PERRY,2005,-0.002068857
JASPER,2005,-3.90E-05
EDGAR,2005,0.013585499
COLES,2005,0.011191083
GALLATIN,2005,-0.003393208
DOUGLAS,2005,0.00665238
RANDOLPH,2005,0.00450949
CHRISTIAN,2005,-0.000807414
WILL,2005,0.008936486
MACOUPIN,2005,-0.005198445
JEFFERSON,2005,0.002659679
POPE,2005,0.015307148
STARK,2005,0.010173267
SCHUYLER,2005,0.012877912
STEPHENSON,2005,0.03104155
LOGAN,2005,0.005119312
LEE,2005,0.018952301
FAYETTE,2005,-0.000312616
LA SALLE,2005,0.006138696
PEORIA,2005,0.012787127
RICHLAND,2005,-0.001626979
WILLIAMSON,2005,0.013284226
IROQUOIS,2005,0.003909872
KANE,2005,0.015412811
SHELBY,2005,0.000196475
MONROE,2005,0.008692873
CARROLL,2005,0.031195739
CLAY,2005,-0.002420941
MASSAC,2005,0.007070902
JOHNSON,2005,0.015569928
BROWN,2005,0.009050989
KANKAKEE,2005,0.005736731
SANGAMON,2005,0.000993166
BOONE,2005,0.028270408
MORGAN,2005,-0.001601131
EDWARDS,2005,-0.001062547
WABASH,2005,-0.000198044
WAYNE,2005,-0.006772978
FULTON,2005,0.011497163
WASHINGTON,2005,-0.006268314
MOULTRIE,2005,0.009449406
TAZEWELL,2005,0.010597854
WARREN,2005,0.009936985
PULASKI,2005,0.009742494
MADISON,2005,0.003443124
MONTGOMERY,2005,-0.003950147
MENARD,2005,0.002470648
HANCOCK,2005,0.007199544
MCLEAN,2005,0.001317911
UNION,2006,0.023587523
MCDONOUGH,2006,-0.004672109
WINNEBAGO,2006,0.02282731
MARSHALL,2006,0.01474545
JERSEY,2006,0.009140431
BUREAU,2006,0.013521984
PUTNAM,2006,0.016645612
MASON,2006,0.001000535
OGLE,2006,0.020301376
DU PAGE,2006,0.017962247
LAKE,2006,0.009939326
CASS,2006,0.002479379
LAWRENCE,2006,0.007079543
CHAMPAIGN,2006,-0.000967855
FORD,2006,-0.001844428
SCOTT,2006,0.006272494
ALEXANDER,2006,0.02607734
CLARK,2006,0.007531625
ROCK ISLAND,2006,0.018404631
HARDIN,2006,0.023301819
CALHOUN,2006,0.02579006
JACKSON,2006,0.019279187
BOND,2006,0.004889391
CRAWFORD,2006,0.007661892
FRANKLIN,2006,0.015466641
PIATT,2006,-0.006977026
ST CLAIR,2006,0.008177941
HAMILTON,2006,0.006278207
CUMBERLAND,2006,0.006357561
ADAMS,2006,0.007046478
DE WITT,2006,-0.004489447
JO DAVIESS,2006,0.023723388
VERMILION,2006,0.002046882
EFFINGHAM,2006,0.009469257
COOK,2006,0.007065944
PIKE,2006,0.005382141
MARION,2006,0.008123845
KNOX,2006,0.011183894
MCHENRY,2006,0.022457935
HENDERSON,2006,0.004606805
HENRY,2006,0.003694734
GREENE,2006,0.005953208
SALINE,2006,0.011720548
WHITESIDE,2006,0.009906618
DE KALB,2006,0.015568703
WHITE,2006,0.003859955
LIVINGSTON,2006,-0.001202312
WOODFORD,2006,0.013961073
MERCER,2006,0.01001514
MACON,2006,0.002049244
KENDALL,2006,0.014285077
CLINTON,2006,0.007611373
GRUNDY,2006,0.005799721
PERRY,2006,0.007247872
JASPER,2006,0.003106465
EDGAR,2006,0.001037142
COLES,2006,-0.000681708
GALLATIN,2006,0.006069798
DOUGLAS,2006,-0.007633611
RANDOLPH,2006,0.008472533
CHRISTIAN,2006,0.003739781
WILL,2006,0.012281285
MACOUPIN,2006,0.003145293
JEFFERSON,2006,0.011734349
POPE,2006,0.023527846
STARK,2006,0.006118058
SCHUYLER,2006,0.007488425
STEPHENSON,2006,0.024083782
LOGAN,2006,-0.003119163
LEE,2006,0.013573232
FAYETTE,2006,0.007295182
LA SALLE,2006,0.010685959
PEORIA,2006,0.012569077
RICHLAND,2006,0.004595432
WILLIAMSON,2006,0.021692143
IROQUOIS,2006,-0.012304073
KANE,2006,0.020127716
SHELBY,2006,0.001316786
MONROE,2006,0.009604004
CARROLL,2006,0.019581954
CLAY,2006,0.003776128
MASSAC,2006,0.016005049
JOHNSON,2006,0.023448206
BROWN,2006,0.008220031
KANKAKEE,2006,0.001599636
SANGAMON,2006,0.004789939
BOONE,2006,0.023919701
MORGAN,2006,0.00073062
EDWARDS,2006,0.005383925
WABASH,2006,0.003727577
WAYNE,2006,0.004301463
FULTON,2006,0.008034287
WASHINGTON,2006,0.009852766
MOULTRIE,2006,-0.000957065
TAZEWELL,2006,0.007871057
WARREN,2006,0.003690542
PULASKI,2006,0.018859058
MADISON,2006,0.00683398
MONTGOMERY,2006,0.00995435
MENARD,2006,-0.000123416
HANCOCK,2006,-0.001478904
MCLEAN,2006,-0.0011491
UNION,2007,0.005097248
MCDONOUGH,2007,0.010697491
WINNEBAGO,2007,0.03772617
MARSHALL,2007,0.016404445
JERSEY,2007,0.005611607
BUREAU,2007,0.019260636
PUTNAM,2007,0.016605808
MASON,2007,0.000400316
OGLE,2007,0.03961403
DU PAGE,2007,0.018934385
LAKE,2007,0.015025488
CASS,2007,0.002723833
LAWRENCE,2007,-0.007531812
CHAMPAIGN,2007,-0.000303156
FORD,2007,0.005230365
SCOTT,2007,0.00227999
ALEXANDER,2007,0.005815456
CLARK,2007,0.001316191
ROCK ISLAND,2007,0.032200817
HARDIN,2007,0.007714506
CALHOUN,2007,0.014173428
JACKSON,2007,0.005160597
BOND,2007,-0.008527099
CRAWFORD,2007,-0.00480037
FRANKLIN,2007,-0.002794481
PIATT,2007,-0.004094704
ST CLAIR,2007,-0.003041719
HAMILTON,2007,-0.018029579
CUMBERLAND,2007,-0.0016113
ADAMS,2007,0.017036393
DE WITT,2007,0.002464776
JO DAVIESS,2007,0.038813969
VERMILION,2007,0.001211729
EFFINGHAM,2007,-0.007909956
COOK,2007,0.012000774
PIKE,2007,0.010359191
MARION,2007,-0.008739017
KNOX,2007,0.02703094
MCHENRY,2007,0.033067036
HENDERSON,2007,0.024012556
HENRY,2007,0.020335595
GREENE,2007,-0.003263991
SALINE,2007,-0.009445455
WHITESIDE,2007,0.026884973
DE KALB,2007,0.037893555
WHITE,2007,-0.01230754
LIVINGSTON,2007,0.008825313
WOODFORD,2007,0.01264275
MERCER,2007,0.029662687
MACON,2007,-0.002114644
KENDALL,2007,0.022279907
CLINTON,2007,-0.006320603
GRUNDY,2007,0.01478518
PERRY,2007,-0.014179545
JASPER,2007,-0.015591305
EDGAR,2007,0.005931375
COLES,2007,0.000454683
GALLATIN,2007,-0.005240334
DOUGLAS,2007,-0.001193327
RANDOLPH,2007,-0.002278362
CHRISTIAN,2007,-0.007838399
WILL,2007,0.023291504
MACOUPIN,2007,-0.007322955
JEFFERSON,2007,-0.011195112
POPE,2007,0.00502544
STARK,2007,0.019113547
SCHUYLER,2007,0.01427186
STEPHENSON,2007,0.040431342
LOGAN,2007,-0.005678146
LEE,2007,0.026122546
FAYETTE,2007,-0.007486427
LA SALLE,2007,0.016337958
PEORIA,2007,0.015654805
RICHLAND,2007,-0.018285511
WILLIAMSON,2007,0.001927367
IROQUOIS,2007,0.009372399
KANE,2007,0.028245887
SHELBY,2007,-0.005742235
MONROE,2007,-0.000325915
CARROLL,2007,0.036319401
CLAY,2007,-0.013093723
MASSAC,2007,-0.006956673
JOHNSON,2007,0.003602866
BROWN,2007,0.019297603
KANKAKEE,2007,0.021334407
SANGAMON,2007,-0.003202171
BOONE,2007,0.04316905
MORGAN,2007,-0.006870406
EDWARDS,2007,-0.015319632
WABASH,2007,-0.009144021
WAYNE,2007,-0.016921446
FULTON,2007,0.01386214
WASHINGTON,2007,-0.017719616
MOULTRIE,2007,-0.002133001
TAZEWELL,2007,0.009829953
WARREN,2007,0.024708682
PULASKI,2007,-0.002788216
MADISON,2007,-0.00283158
MONTGOMERY,2007,-0.015009869
MENARD,2007,-0.001704373
HANCOCK,2007,0.014266294
MCLEAN,2007,0.007446846
UNION,2008,0.027280429
MCDONOUGH,2008,0.024821194
WINNEBAGO,2008,0.041066116
MARSHALL,2008,0.034320936
JERSEY,2008,0.019146686
BUREAU,2008,0.042454376
PUTNAM,2008,0.037245147
MASON,2008,0.019505021
OGLE,2008,0.049456062
DU PAGE,2008,0.028369385
LAKE,2008,0.02164405
CASS,2008,0.015932563
LAWRENCE,2008,0.012964323
CHAMPAIGN,2008,0.019061222
FORD,2008,0.023799549
SCOTT,2008,0.014426751
ALEXANDER,2008,0.031417986
CLARK,2008,0.018220882
ROCK ISLAND,2008,0.039340763
HARDIN,2008,0.024949807
CALHOUN,2008,0.02794123
JACKSON,2008,0.024539388
BOND,2008,0.011524136
CRAWFORD,2008,0.016950274
FRANKLIN,2008,0.017209168
PIATT,2008,0.01361747
ST CLAIR,2008,0.014349793
HAMILTON,2008,0.013216779
CUMBERLAND,2008,0.014282693
ADAMS,2008,0.017192017
DE WITT,2008,0.024341916
JO DAVIESS,2008,0.043689696
VERMILION,2008,0.021002224
EFFINGHAM,2008,0.010889473
COOK,2008,0.022883724
PIKE,2008,0.015685411
MARION,2008,0.011912412
KNOX,2008,0.03510828
MCHENRY,2008,0.03769522
HENDERSON,2008,0.04005242
HENRY,2008,0.039609878
GREENE,2008,0.010569819
SALINE,2008,0.012614198
WHITESIDE,2008,0.044674177
DE KALB,2008,0.047188691
WHITE,2008,0.009482069
LIVINGSTON,2008,0.02382166
WOODFORD,2008,0.030860146
MERCER,2008,0.042795479
MACON,2008,0.015525587
KENDALL,2008,0.037709652
CLINTON,2008,0.018010005
GRUNDY,2008,0.031591873
PERRY,2008,0.013973224
JASPER,2008,0.016127931
EDGAR,2008,0.016569542
COLES,2008,0.012840439
GALLATIN,2008,0.00965381
DOUGLAS,2008,0.00522807
RANDOLPH,2008,0.01753073
CHRISTIAN,2008,0.009971094
WILL,2008,0.02705346
MACOUPIN,2008,0.012115085
JEFFERSON,2008,0.017570023
POPE,2008,0.022525911
STARK,2008,0.038170912
SCHUYLER,2008,0.023540634
STEPHENSON,2008,0.057885741
LOGAN,2008,0.020616705
LEE,2008,0.04508327
FAYETTE,2008,0.009687587
LA SALLE,2008,0.032827036
PEORIA,2008,0.032157398
RICHLAND,2008,0.009301473
WILLIAMSON,2008,0.022097414
IROQUOIS,2008,0.026907635
KANE,2008,0.03974217
SHELBY,2008,0.010953766
MONROE,2008,0.020100346
CARROLL,2008,0.055326968
CLAY,2008,0.012406762
MASSAC,2008,0.01443595
JOHNSON,2008,0.022068283
BROWN,2008,0.019987571
KANKAKEE,2008,0.026454885
SANGAMON,2008,0.019297329
BOONE,2008,0.047514329
MORGAN,2008,0.012834297
EDWARDS,2008,0.014022721
WABASH,2008,0.007982657
WAYNE,2008,0.011283894
FULTON,2008,0.02716784
WASHINGTON,2008,0.013804918
MOULTRIE,2008,0.006096602
TAZEWELL,2008,0.02683156
WARREN,2008,0.035648495
PULASKI,2008,0.017236925
MADISON,2008,0.014142071
MONTGOMERY,2008,0.007042278
MENARD,2008,0.017191133
HANCOCK,2008,0.022219907
MCLEAN,2008,0.023848659
UNION,2009,0.022463003
MCDONOUGH,2009,0.023940137
WINNEBAGO,2009,0.038735945
MARSHALL,2009,0.041867574
JERSEY,2009,0.018209975
BUREAU,2009,0.042083013
PUTNAM,2009,0.037286917
MASON,2009,0.01732045
OGLE,2009,0.047410776
DU PAGE,2009,0.025025598
LAKE,2009,0.018203366
CASS,2009,0.017270771
LAWRENCE,2009,0.008765368
CHAMPAIGN,2009,0.019409341
FORD,2009,0.020629852
SCOTT,2009,0.01061301
ALEXANDER,2009,0.022322987
CLARK,2009,0.012159963
ROCK ISLAND,2009,0.035935705
HARDIN,2009,0.017902333
CALHOUN,2009,0.034318376
JACKSON,2009,0.011949049
BOND,2009,0.00950497
CRAWFORD,2009,0.012799994
FRANKLIN,2009,0.013578226
PIATT,2009,0.021135443
ST CLAIR,2009,0.014685655
HAMILTON,2009,0.008919591
CUMBERLAND,2009,0.012651133
ADAMS,2009,0.019166927
DE WITT,2009,0.021971157
JO DAVIESS,2009,0.03518009
VERMILION,2009,0.018417443
EFFINGHAM,2009,0.006777701
COOK,2009,0.018407375
PIKE,2009,0.017820139
MARION,2009,0.009727335
KNOX,2009,0.034612726
MCHENRY,2009,0.034412638
HENDERSON,2009,0.031949592
HENRY,2009,0.038959174
GREENE,2009,0.013744882
SALINE,2009,0.010219378
WHITESIDE,2009,0.038483051
DE KALB,2009,0.044790058
WHITE,2009,0.011094666
LIVINGSTON,2009,0.026355313
WOODFORD,2009,0.034118131
MERCER,2009,0.033850383
MACON,2009,0.017253391
KENDALL,2009,0.04293681
CLINTON,2009,0.01307746
GRUNDY,2009,0.035063859
PERRY,2009,0.011293486
JASPER,2009,0.009918588
EDGAR,2009,0.017690299
COLES,2009,0.017364463
GALLATIN,2009,0.01074079
DOUGLAS,2009,0.017891829
RANDOLPH,2009,0.0135977
CHRISTIAN,2009,0.011500456
WILL,2009,0.026621931
MACOUPIN,2009,0.01427213
JEFFERSON,2009,0.011554565
POPE,2009,0.016656509
STARK,2009,0.040521698
SCHUYLER,2009,0.023107189
STEPHENSON,2009,0.045513792
LOGAN,2009,0.022884942
LEE,2009,0.043895114
FAYETTE,2009,0.005556144
LA SALLE,2009,0.0415091
PEORIA,2009,0.029613605
RICHLAND,2009,0.006332065
WILLIAMSON,2009,0.012885964
IROQUOIS,2009,0.024314773
KANE,2009,0.034677686
SHELBY,2009,0.016041175
MONROE,2009,0.017691112
CARROLL,2009,0.044943514
CLAY,2009,0.006873465
MASSAC,2009,0.013187115
JOHNSON,2009,0.016493432
BROWN,2009,0.02361201
KANKAKEE,2009,0.031396463
SANGAMON,2009,0.013646791
BOONE,2009,0.043170127
MORGAN,2009,0.012846906
EDWARDS,2009,0.007599476
WABASH,2009,0.009922024
WAYNE,2009,0.005223308
FULTON,2009,0.024007241
WASHINGTON,2009,0.011320778
MOULTRIE,2009,0.018484341
TAZEWELL,2009,0.028961526
WARREN,2009,0.031140018
PULASKI,2009,0.012423569
MADISON,2009,0.01287866
MONTGOMERY,2009,0.005129254
MENARD,2009,0.018134761
HANCOCK,2009,0.02190188
MCLEAN,2009,0.025656635
UNION,2010,0.020778105
MCDONOUGH,2010,0.030499528
WINNEBAGO,2010,0.042105106
MARSHALL,2010,0.038220347
JERSEY,2010,0.021839285
BUREAU,2010,0.042744768
PUTNAM,2010,0.037854791
MASON,2010,0.020716595
OGLE,2010,0.049250794
DU PAGE,2010,0.027610861
LAKE,2010,0.005112377
CASS,2010,0.024521899
LAWRENCE,2010,0.013449859
CHAMPAIGN,2010,0.031081221
FORD,2010,0.026016974
SCOTT,2010,0.017402235
ALEXANDER,2010,0.025852406
CLARK,2010,0.022964689
ROCK ISLAND,2010,0.040226731
HARDIN,2010,0.016308554
CALHOUN,2010,0.032592106
JACKSON,2010,0.020209858
BOND,2010,0.02105322
CRAWFORD,2010,0.014757129
FRANKLIN,2010,0.016778014
PIATT,2010,0.032972687
ST CLAIR,2010,0.01896632
HAMILTON,2010,0.008462546
CUMBERLAND,2010,0.015327999
ADAMS,2010,0.024969327
DE WITT,2010,0.03541981
JO DAVIESS,2010,0.040181208
VERMILION,2010,0.032819636
EFFINGHAM,2010,0.016700401
COOK,2010,0.015103073
PIKE,2010,0.025078417
MARION,2010,0.015227442
KNOX,2010,0.039159245
MCHENRY,2010,0.040642479
HENDERSON,2010,0.035891951
HENRY,2010,0.041776675
GREENE,2010,0.020443783
SALINE,2010,0.011555178
WHITESIDE,2010,0.038290465
DE KALB,2010,0.047850477
WHITE,2010,0.008660304
LIVINGSTON,2010,0.03506154
WOODFORD,2010,0.038891797
MERCER,2010,0.039700906
MACON,2010,0.028916202
KENDALL,2010,0.034387534
CLINTON,2010,0.021322045
GRUNDY,2010,0.031708014
PERRY,2010,0.012880231
JASPER,2010,0.013054254
EDGAR,2010,0.031089168
COLES,2010,0.026181496
GALLATIN,2010,0.010975413
DOUGLAS,2010,0.031116536
RANDOLPH,2010,0.02011679
CHRISTIAN,2010,0.020622695
WILL,2010,0.027428626
MACOUPIN,2010,0.020722059
JEFFERSON,2010,0.016208019
POPE,2010,0.011740712
STARK,2010,0.035376458
SCHUYLER,2010,0.026879084
STEPHENSON,2010,0.047996601
LOGAN,2010,0.030822393
LEE,2010,0.046798766
FAYETTE,2010,0.02119111
LA SALLE,2010,0.037335039
PEORIA,2010,0.033084765
RICHLAND,2010,0.009659396
WILLIAMSON,2010,0.018237399
IROQUOIS,2010,0.025412478
KANE,2010,0.038799764
SHELBY,2010,0.024582806
MONROE,2010,0.020820385
CARROLL,2010,0.047213499
CLAY,2010,0.01551737
MASSAC,2010,0.010996764
JOHNSON,2010,0.016258711
BROWN,2010,0.023619337
KANKAKEE,2010,0.027816559
SANGAMON,2010,0.027095654
BOONE,2010,0.047434279
MORGAN,2010,0.021473328
EDWARDS,2010,0.006291096
WABASH,2010,0.011026338
WAYNE,2010,0.004295661
FULTON,2010,0.035362311
WASHINGTON,2010,0.015218925
MOULTRIE,2010,0.028119651
TAZEWELL,2010,0.030839654
WARREN,2010,0.040438373
PULASKI,2010,0.012108105
MADISON,2010,0.021991185
MONTGOMERY,2010,0.022464687
MENARD,2010,0.025670757
HANCOCK,2010,0.024858808
MCLEAN,2010,0.037179284
UNION,2011,0.025513495
MCDONOUGH,2011,0.028407999
WINNEBAGO,2011,0.03474053
MARSHALL,2011,0.035454215
JERSEY,2011,0.022068595
BUREAU,2011,0.033584005
PUTNAM,2011,0.035805
MASON,2011,0.023803664
OGLE,2011,0.037038798
DU PAGE,2011,0.02669928
LAKE,2011,0.013330914
CASS,2011,0.020901955
LAWRENCE,2011,0.016392863
CHAMPAIGN,2011,0.018764766
FORD,2011,0.026832688
SCOTT,2011,0.021960644
ALEXANDER,2011,0.02988837
CLARK,2011,0.026220866
ROCK ISLAND,2011,0.032289392
HARDIN,2011,0.024027353
CALHOUN,2011,0.033549965
JACKSON,2011,0.023186637
BOND,2011,0.02038557
CRAWFORD,2011,0.021223366
FRANKLIN,2011,0.015128465
PIATT,2011,0.01983197
ST CLAIR,2011,0.017007822
HAMILTON,2011,0.011066704
CUMBERLAND,2011,0.023195077
ADAMS,2011,0.023575073
DE WITT,2011,0.024434232
JO DAVIESS,2011,0.040626933
VERMILION,2011,0.02321033
EFFINGHAM,2011,0.021780663
COOK,2011,0.019843264
PIKE,2011,0.025144648
MARION,2011,0.017447258
KNOX,2011,0.027919061
MCHENRY,2011,0.035126365
HENDERSON,2011,0.034139665
HENRY,2011,0.033280762
GREENE,2011,0.024081722
SALINE,2011,0.012134844
WHITESIDE,2011,0.028695371
DE KALB,2011,0.02847033
WHITE,2011,0.012075636
LIVINGSTON,2011,0.030222794
WOODFORD,2011,0.037427885
MERCER,2011,0.02743995
MACON,2011,0.019999955
KENDALL,2011,0.027038812
CLINTON,2011,0.021899078
GRUNDY,2011,0.027781797
PERRY,2011,0.013379923
JASPER,2011,0.019218547
EDGAR,2011,0.026316287
COLES,2011,0.024587051
GALLATIN,2011,0.021722854
DOUGLAS,2011,0.026581739
RANDOLPH,2011,0.01870577
CHRISTIAN,2011,0.022849792
WILL,2011,0.024971894
MACOUPIN,2011,0.019882114
JEFFERSON,2011,0.014602073
POPE,2011,0.021896435
STARK,2011,0.028730772
SCHUYLER,2011,0.025061793
STEPHENSON,2011,0.042924039
LOGAN,2011,0.024453328
LEE,2011,0.03233706
FAYETTE,2011,0.023674497
LA SALLE,2011,0.030980106
PEORIA,2011,0.033091411
RICHLAND,2011,0.015391213
WILLIAMSON,2011,0.019157193
IROQUOIS,2011,0.025749162
KANE,2011,0.033249626
SHELBY,2011,0.024183921
MONROE,2011,0.020551466
CARROLL,2011,0.041005634
CLAY,2011,0.01686026
MASSAC,2011,0.019071753
JOHNSON,2011,0.020823886
BROWN,2011,0.024171583
KANKAKEE,2011,0.02975624
SANGAMON,2011,0.023379946
BOONE,2011,0.038074254
MORGAN,2011,0.020630531
EDWARDS,2011,0.010015174
WABASH,2011,0.009620636
WAYNE,2011,0.013347894
FULTON,2011,0.025645425
WASHINGTON,2011,0.016934166
MOULTRIE,2011,0.021511939
TAZEWELL,2011,0.029010431
WARREN,2011,0.033203643
PULASKI,2011,0.020658222
MADISON,2011,0.015494784
MONTGOMERY,2011,0.01893567
MENARD,2011,0.0278178
HANCOCK,2011,0.025332595
MCLEAN,2011,0.028601856
UNION,2012,0.012151562
MCDONOUGH,2012,-0.004709513
WINNEBAGO,2012,0.004788472
MARSHALL,2012,-0.003698639
JERSEY,2012,0.00227349
BUREAU,2012,0.002619738
PUTNAM,2012,0.003960696
MASON,2012,-0.008555156
OGLE,2012,0.006218029
DU PAGE,2012,0.009761992
LAKE,2012,-0.025798985
CASS,2012,-0.006452478
LAWRENCE,2012,-0.006587485
CHAMPAIGN,2012,-0.015301831
FORD,2012,-0.014922871
SCOTT,2012,-0.004401194
ALEXANDER,2012,0.021880579
CLARK,2012,-0.003669257
ROCK ISLAND,2012,0.016970576
HARDIN,2012,0.01157857
CALHOUN,2012,0.015777637
JACKSON,2012,0.009394135
BOND,2012,-0.007363383
CRAWFORD,2012,-0.011005149
FRANKLIN,2012,-0.002806128
PIATT,2012,-0.020093416
ST CLAIR,2012,-0.003107488
HAMILTON,2012,-0.013022685
CUMBERLAND,2012,-0.001309528
ADAMS,2012,-0.0045093
DE WITT,2012,-0.010346959
JO DAVIESS,2012,0.0094161
VERMILION,2012,-0.004757145
EFFINGHAM,2012,-0.002896202
COOK,2012,-0.016428332
PIKE,2012,-0.000476819
MARION,2012,-0.007768214
KNOX,2012,0.002138043
MCHENRY,2012,0.004994988
HENDERSON,2012,0.0059919
HENRY,2012,0.01066474
GREENE,2012,-0.004106657
SALINE,2012,-0.011298009
WHITESIDE,2012,0.00975894
DE KALB,2012,-0.000886278
WHITE,2012,-0.005271175
LIVINGSTON,2012,-0.011718469
WOODFORD,2012,-0.002696765
MERCER,2012,0.008415574
MACON,2012,-0.021731167
KENDALL,2012,0.000582196
CLINTON,2012,-0.001094739
GRUNDY,2012,0.000140609
PERRY,2012,-0.009393501
JASPER,2012,-0.011002963
EDGAR,2012,-0.010647763
COLES,2012,-0.007930208
GALLATIN,2012,-0.007166469
DOUGLAS,2012,-0.013003363
RANDOLPH,2012,0.000773473
CHRISTIAN,2012,-0.019131788
WILL,2012,-0.002370642
MACOUPIN,2012,-0.009317254
JEFFERSON,2012,-0.002868683
POPE,2012,0.010420889
STARK,2012,-0.000374229
SCHUYLER,2012,0.005464965
STEPHENSON,2012,0.005045612
LOGAN,2012,-0.019012531
LEE,2012,0.003093533
FAYETTE,2012,0.000144132
LA SALLE,2012,-0.009455744
PEORIA,2012,0.007833548
RICHLAND,2012,-0.01569937
WILLIAMSON,2012,0.004539602
IROQUOIS,2012,-0.013598033
KANE,2012,0.007177485
SHELBY,2012,-0.007947498
MONROE,2012,0.012863891
CARROLL,2012,0.014036624
CLAY,2012,-0.017594579
MASSAC,2012,-0.005472889
JOHNSON,2012,0.005950281
BROWN,2012,0.00464884
KANKAKEE,2012,-0.010999168
SANGAMON,2012,-0.016810412
BOONE,2012,0.008789447
MORGAN,2012,-0.013588124
EDWARDS,2012,-0.010323931
WABASH,2012,-0.00972289
WAYNE,2012,-0.013954881
FULTON,2012,0.005108176
WASHINGTON,2012,-0.015288159
MOULTRIE,2012,-0.018644522
TAZEWELL,2012,0.005941086
WARREN,2012,-0.001812753
PULASKI,2012,0.002446403
MADISON,2012,-0.001452343
MONTGOMERY,2012,-0.011713819
MENARD,2012,-0.016878551
HANCOCK,2012,-0.001929736
MCLEAN,2012,-0.008201983
UNION,2013,0.031885456
MCDONOUGH,2013,0.035370708
WINNEBAGO,2013,0.052704494
MARSHALL,2013,0.021018205
JERSEY,2013,0.02488802
BUREAU,2013,0.034315762
PUTNAM,2013,0.024914745
MASON,2013,0.016278164
OGLE,2013,0.055385727
DU PAGE,2013,0.027991607
LAKE,2013,0.009629562
CASS,2013,0.029419836
LAWRENCE,2013,0.016571364
CHAMPAIGN,2013,0.018291431
FORD,2013,0.0175574
SCOTT,2013,0.023866382
ALEXANDER,2013,0.032608984
CLARK,2013,0.029005213
ROCK ISLAND,2013,0.035582628
HARDIN,2013,0.031405113
CALHOUN,2013,0.038351064
JACKSON,2013,0.02856219
BOND,2013,0.01929884
CRAWFORD,2013,0.021826953
FRANKLIN,2013,0.022418646
PIATT,2013,0.010617432
ST CLAIR,2013,0.022200213
HAMILTON,2013,0.019127993
CUMBERLAND,2013,0.028381985
ADAMS,2013,0.023305584
DE WITT,2013,0.024666172
JO DAVIESS,2013,0.049617125
VERMILION,2013,0.022074631
EFFINGHAM,2013,0.025005936
COOK,2013,0.015494606
PIKE,2013,0.025670981
MARION,2013,0.022788735
KNOX,2013,0.03222774
MCHENRY,2013,0.046991035
HENDERSON,2013,0.031935732
HENRY,2013,0.033948386
GREENE,2013,0.018698267
SALINE,2013,0.018476467
WHITESIDE,2013,0.04372801
DE KALB,2013,0.05369243
WHITE,2013,0.018035107
LIVINGSTON,2013,0.02035266
WOODFORD,2013,0.026886757
MERCER,2013,0.037398817
MACON,2013,0.009381432
KENDALL,2013,0.034630955
CLINTON,2013,0.023921024
GRUNDY,2013,0.024411049
PERRY,2013,0.018718628
JASPER,2013,0.023016791
EDGAR,2013,0.024507986
COLES,2013,0.018098042
GALLATIN,2013,0.017569808
DOUGLAS,2013,0.013736632
RANDOLPH,2013,0.022227848
CHRISTIAN,2013,0.008990392
WILL,2013,0.023295605
MACOUPIN,2013,0.017847439
JEFFERSON,2013,0.023583521
POPE,2013,0.031836816
STARK,2013,0.025502509
SCHUYLER,2013,0.02748438
STEPHENSON,2013,0.062953705
LOGAN,2013,0.019249449
LEE,2013,0.045762226
FAYETTE,2013,0.021549462
LA SALLE,2013,0.029812824
PEORIA,2013,0.024376285
RICHLAND,2013,0.020895992
WILLIAMSON,2013,0.027060334
IROQUOIS,2013,0.020683376
KANE,2013,0.040910432
SHELBY,2013,0.01329634
MONROE,2013,0.023814802
CARROLL,2013,0.052822938
CLAY,2013,0.021169127
MASSAC,2013,0.02413644
JOHNSON,2013,0.030828616
BROWN,2013,0.025402518
KANKAKEE,2013,0.018853231
SANGAMON,2013,0.01400933
BOONE,2013,0.059303079
MORGAN,2013,0.0227098
EDWARDS,2013,0.017296457
WABASH,2013,0.022926617
WAYNE,2013,0.020035098
FULTON,2013,0.027734821
WASHINGTON,2013,0.021023821
MOULTRIE,2013,0.010484741
TAZEWELL,2013,0.021328048
WARREN,2013,0.037678435
PULASKI,2013,0.024382302
MADISON,2013,0.023480319
MONTGOMERY,2013,0.014314487
MENARD,2013,0.022940364
HANCOCK,2013,0.030235305
MCLEAN,2013,0.021395191
UNION,2014,0.030645135
MCDONOUGH,2014,0.036214825
WINNEBAGO,2014,0.042880747
MARSHALL,2014,0.041694217
JERSEY,2014,0.027074216
BUREAU,2014,0.044614111
PUTNAM,2014,0.0415538
MASON,2014,0.030393494
OGLE,2014,0.047988327
DU PAGE,2014,0.032703112
LAKE,2014,0.024270921
CASS,2014,0.030004594
LAWRENCE,2014,0.023600792
CHAMPAIGN,2014,0.02816335
FORD,2014,0.033773075
SCOTT,2014,0.025586756
ALEXANDER,2014,0.033016407
CLARK,2014,0.028636281
ROCK ISLAND,2014,0.044469267
HARDIN,2014,0.023877315
CALHOUN,2014,0.03365091
JACKSON,2014,0.02820929
BOND,2014,0.026130888
CRAWFORD,2014,0.026100545
FRANKLIN,2014,0.024356907
PIATT,2014,0.027698793
ST CLAIR,2014,0.028033024
HAMILTON,2014,0.021111425
CUMBERLAND,2014,0.0285237
ADAMS,2014,0.030885411
DE WITT,2014,0.031986279
JO DAVIESS,2014,0.046347643
VERMILION,2014,0.028844824
EFFINGHAM,2014,0.028969653
COOK,2014,0.020567482
PIKE,2014,0.027842484
MARION,2014,0.024695818
KNOX,2014,0.042540065
MCHENRY,2014,0.042237038
HENDERSON,2014,0.040569996
HENRY,2014,0.045270242
GREENE,2014,0.026016262
SALINE,2014,0.01553458
WHITESIDE,2014,0.046367332
DE KALB,2014,0.05047505
WHITE,2014,0.0227806
LIVINGSTON,2014,0.037115675
WOODFORD,2014,0.03558741
MERCER,2014,0.045268908
MACON,2014,0.030277454
KENDALL,2014,0.040957747
CLINTON,2014,0.029738002
GRUNDY,2014,0.038550405
PERRY,2014,0.022371606
JASPER,2014,0.020397223
EDGAR,2014,0.027953156
COLES,2014,0.029719357
GALLATIN,2014,0.017065933
DOUGLAS,2014,0.026195831
RANDOLPH,2014,0.025888851
CHRISTIAN,2014,0.028174562
WILL,2014,0.035282272
MACOUPIN,2014,0.026312325
JEFFERSON,2014,0.026585806
POPE,2014,0.02422146
STARK,2014,0.042800499
SCHUYLER,2014,0.031877121
STEPHENSON,2014,0.048754498
LOGAN,2014,0.034878697
LEE,2014,0.048880915
FAYETTE,2014,0.025282816
LA SALLE,2014,0.043239567
PEORIA,2014,0.041051623
RICHLAND,2014,0.021828568
WILLIAMSON,2014,0.025512693
IROQUOIS,2014,0.035994193
KANE,2014,0.04249482
SHELBY,2014,0.028586535
MONROE,2014,0.027355267
CARROLL,2014,0.049712804
CLAY,2014,0.026015159
MASSAC,2014,0.022913573
JOHNSON,2014,0.02577636
BROWN,2014,0.029250906
KANKAKEE,2014,0.035777335
SANGAMON,2014,0.030479674
BOONE,2014,0.052449497
MORGAN,2014,0.027882801
EDWARDS,2014,0.019980359
WABASH,2014,0.02079908
WAYNE,2014,0.022495427
FULTON,2014,0.039460968
WASHINGTON,2014,0.026666555
MOULTRIE,2014,0.029105836
TAZEWELL,2014,0.039138163
WARREN,2014,0.041519542
PULASKI,2014,0.024888827
MADISON,2014,0.027425735
MONTGOMERY,2014,0.024099372
MENARD,2014,0.030165827
HANCOCK,2014,0.035350753
MCLEAN,2014,0.032379238
UNION,2015,0.018745538
MCDONOUGH,2015,0.019782143
WINNEBAGO,2015,0.029900465
MARSHALL,2015,0.026871223
JERSEY,2015,0.008696348
BUREAU,2015,0.032277694
PUTNAM,2015,0.028232575
MASON,2015,0.004620439
OGLE,2015,0.038552699
DU PAGE,2015,0.02077949
LAKE,2015,0.013258288
CASS,2015,0.001160656
LAWRENCE,2015,0.006539228
CHAMPAIGN,2015,0.016115207
FORD,2015,0.019811033
SCOTT,2015,0.000623203
ALEXANDER,2015,0.019728745
CLARK,2015,0.01338002
ROCK ISLAND,2015,0.02969964
HARDIN,2015,0.023206047
CALHOUN,2015,0.018538871
JACKSON,2015,0.016874714
BOND,2015,0.00489957
CRAWFORD,2015,0.004993534
FRANKLIN,2015,0.011785697
PIATT,2015,0.012370489
ST CLAIR,2015,0.010432764
HAMILTON,2015,0.007114972
CUMBERLAND,2015,0.00923058
ADAMS,2015,0.013220437
DE WITT,2015,0.007723957
JO DAVIESS,2015,0.029751807
VERMILION,2015,0.020611792
EFFINGHAM,2015,0.001100757
COOK,2015,0.013382591
PIKE,2015,0.004955257
MARION,2015,0.00903849
KNOX,2015,0.02799549
MCHENRY,2015,0.029742011
HENDERSON,2015,0.027034334
HENRY,2015,0.033009546
GREENE,2015,-0.000394989
SALINE,2015,0.005584346
WHITESIDE,2015,0.036911149
DE KALB,2015,0.036962238
WHITE,2015,0.00361314
LIVINGSTON,2015,0.021878348
WOODFORD,2015,0.026215033
MERCER,2015,0.028102114
MACON,2015,0.009114063
KENDALL,2015,0.028695279
CLINTON,2015,0.009591248
GRUNDY,2015,0.022165651
PERRY,2015,0.01037936
JASPER,2015,0.001094294
EDGAR,2015,0.013213407
COLES,2015,0.009702731
GALLATIN,2015,0.00493904
DOUGLAS,2015,0.012792195
RANDOLPH,2015,0.010506212
CHRISTIAN,2015,0.002108383
WILL,2015,0.020569183
MACOUPIN,2015,0.000875539
JEFFERSON,2015,0.009729654
POPE,2015,0.018539128
STARK,2015,0.029063381
SCHUYLER,2015,0.012069558
STEPHENSON,2015,0.038348392
LOGAN,2015,0.00712466
LEE,2015,0.033231552
FAYETTE,2015,0.006966837
LA SALLE,2015,0.025998404
PEORIA,2015,0.025090543
RICHLAND,2015,0.000653992
WILLIAMSON,2015,0.014650936
IROQUOIS,2015,0.018665548
KANE,2015,0.030558488
SHELBY,2015,0.003359212
MONROE,2015,0.011681126
CARROLL,2015,0.041961188
CLAY,2015,0.006723137
MASSAC,2015,0.016281004
JOHNSON,2015,0.016815402
BROWN,2015,0.015095249
KANKAKEE,2015,0.02197657
SANGAMON,2015,0.007247293
BOONE,2015,0.034810147
MORGAN,2015,0.004773624
EDWARDS,2015,0.00399594
WABASH,2015,0.002843606
WAYNE,2015,0.004649966
FULTON,2015,0.018994349
WASHINGTON,2015,0.007589715
MOULTRIE,2015,0.007602714
TAZEWELL,2015,0.015745695
WARREN,2015,0.03148512
PULASKI,2015,0.015165597
MADISON,2015,0.009510888
MONTGOMERY,2015,0.004424546
MENARD,2015,0.00820764
HANCOCK,2015,0.024878167
MCLEAN,2015,0.019279036
UNION,2016,0.012424605
MCDONOUGH,2016,0.002237615
WINNEBAGO,2016,0.034164912
MARSHALL,2016,0.00711803
JERSEY,2016,0.004196055
BUREAU,2016,0.016805897
PUTNAM,2016,0.021107842
MASON,2016,-0.007434063
OGLE,2016,0.031931862
DU PAGE,2016,0.01850538
LAKE,2016,0.002947187
CASS,2016,8.08E-05
LAWRENCE,2016,-0.00763169
CHAMPAIGN,2016,-0.000655732
FORD,2016,0.0021867
SCOTT,2016,0.001758699
ALEXANDER,2016,0.015948555
CLARK,2016,-0.002790465
ROCK ISLAND,2016,0.018528663
HARDIN,2016,0.012402329
CALHOUN,2016,0.018599499
JACKSON,2016,0.00980844
BOND,2016,-0.002459506
CRAWFORD,2016,-7.75E-05
FRANKLIN,2016,0.005077984
PIATT,2016,-0.002928771
ST CLAIR,2016,-0.002518764
HAMILTON,2016,-0.000853193
CUMBERLAND,2016,-0.004890077
ADAMS,2016,0.008735164
DE WITT,2016,0.001533208
JO DAVIESS,2016,0.03568381
VERMILION,2016,0.002238194
EFFINGHAM,2016,-0.00746235
COOK,2016,0.006763898
PIKE,2016,0.005926054
MARION,2016,-8.42E-05
KNOX,2016,0.005407289
MCHENRY,2016,0.035267976
HENDERSON,2016,0.001483856
HENRY,2016,0.014997956
GREENE,2016,0.004527781
SALINE,2016,-0.000905888
WHITESIDE,2016,0.018321075
DE KALB,2016,0.029848641
WHITE,2016,-0.002344714
LIVINGSTON,2016,0.004029991
WOODFORD,2016,0.004140886
MERCER,2016,0.015921681
MACON,2016,0.000721246
KENDALL,2016,0.017682658
CLINTON,2016,0.002555386
GRUNDY,2016,0.012965653
PERRY,2016,0.000455937
JASPER,2016,-0.008901783
EDGAR,2016,-0.012174755
COLES,2016,-0.004143082
GALLATIN,2016,-0.004056872
DOUGLAS,2016,-0.006228386
RANDOLPH,2016,0.004695766
CHRISTIAN,2016,-0.000889688
WILL,2016,0.018669999
MACOUPIN,2016,0.000867627
JEFFERSON,2016,0.002172053
POPE,2016,0.011167478
STARK,2016,0.007463375
SCHUYLER,2016,0.004941169
STEPHENSON,2016,0.038841644
LOGAN,2016,0.001231602
LEE,2016,0.024627719
FAYETTE,2016,-0.002117097
LA SALLE,2016,0.015242509
PEORIA,2016,0.003941541
RICHLAND,2016,-0.01079231
WILLIAMSON,2016,0.008657772
IROQUOIS,2016,0.004083825
KANE,2016,0.027377281
SHELBY,2016,-0.006234561
MONROE,2016,0.002899171
CARROLL,2016,0.034020031
CLAY,2016,-0.009903538
MASSAC,2016,0.003121983
JOHNSON,2016,0.011440263
BROWN,2016,0.00892523
KANKAKEE,2016,0.012895438
SANGAMON,2016,0.002835133
BOONE,2016,0.040724191
MORGAN,2016,0.000439906
EDWARDS,2016,-0.007151886
WABASH,2016,-0.009064722
WAYNE,2016,-0.004677412
FULTON,2016,0.00782157
WASHINGTON,2016,-0.000162848
MOULTRIE,2016,-0.007990233
TAZEWELL,2016,-0.002960373
WARREN,2016,0.003160758
PULASKI,2016,0.004224322
MADISON,2016,0.000545539
MONTGOMERY,2016,-0.003731882
MENARD,2016,-0.000117247
HANCOCK,2016,0.00123437
MCLEAN,2016,-0.003846128
UNION,2017,0.014700109
MCDONOUGH,2017,0.010479256
WINNEBAGO,2017,0.01002897
MARSHALL,2017,0.008337819
JERSEY,2017,0.008315199
BUREAU,2017,0.007990156
PUTNAM,2017,0.00917604
MASON,2017,0.008275814
OGLE,2017,0.004506544
DU PAGE,2017,0.010763194
LAKE,2017,-0.004829848
CASS,2017,0.006960718
LAWRENCE,2017,-0.002990744
CHAMPAIGN,2017,-0.002168861
FORD,2017,-0.003268848
SCOTT,2017,0.006326214
ALEXANDER,2017,0.013882012
CLARK,2017,0.007084714
ROCK ISLAND,2017,0.011597208
HARDIN,2017,0.009330158
CALHOUN,2017,0.020379848
JACKSON,2017,0.012892953
BOND,2017,0.001021582
CRAWFORD,2017,0.001973346
FRANKLIN,2017,0.005193517
PIATT,2017,-0.00242933
ST CLAIR,2017,-0.001702109
HAMILTON,2017,-0.002199478
CUMBERLAND,2017,-0.00528435
ADAMS,2017,0.004768721
DE WITT,2017,0.005184099
JO DAVIESS,2017,0.017603217
VERMILION,2017,-0.000795535
EFFINGHAM,2017,-0.001329028
COOK,2017,-0.003427203
PIKE,2017,0.010499125
MARION,2017,0.000698949
KNOX,2017,0.010878859
MCHENRY,2017,0.00758184
HENDERSON,2017,0.013178714
HENRY,2017,0.002384236
GREENE,2017,0.007588641
SALINE,2017,-0.004256166
WHITESIDE,2017,0.004397285
DE KALB,2017,0.00281104
WHITE,2017,-0.003609739
LIVINGSTON,2017,3.64E-05
WOODFORD,2017,0.006214051
MERCER,2017,0.008361975
MACON,2017,-0.001414901
KENDALL,2017,0.008277521
CLINTON,2017,0.001585669
GRUNDY,2017,0.001842651
PERRY,2017,0.000492731
JASPER,2017,-0.003027338
EDGAR,2017,0.00493059
COLES,2017,-0.00298193
GALLATIN,2017,-0.00367526
DOUGLAS,2017,-0.006209357
RANDOLPH,2017,0.002378057
CHRISTIAN,2017,-0.003001394
WILL,2017,0.001973879
MACOUPIN,2017,0.002216513
JEFFERSON,2017,0.000835899
POPE,2017,0.011460644
STARK,2017,0.009921475
SCHUYLER,2017,0.013079003
STEPHENSON,2017,0.012073042
LOGAN,2017,0.002410529
LEE,2017,0.002114927
FAYETTE,2017,0.001653451
LA SALLE,2017,0.003347165
PEORIA,2017,0.01104837
RICHLAND,2017,-0.008005005
WILLIAMSON,2017,0.011606148
IROQUOIS,2017,-0.003690341
KANE,2017,0.006925636
SHELBY,2017,-0.000887045
MONROE,2017,0.007250886
CARROLL,2017,0.013780705
CLAY,2017,-0.008737961
MASSAC,2017,0.005462013
JOHNSON,2017,0.013609217
BROWN,2017,0.012721857
KANKAKEE,2017,-0.003713417
SANGAMON,2017,0.005914472
BOONE,2017,0.006281612
MORGAN,2017,0.005043498
EDWARDS,2017,-0.005054713
WABASH,2017,-0.003040354
WAYNE,2017,-0.005847653
FULTON,2017,0.012284919
WASHINGTON,2017,-0.004390612
MOULTRIE,2017,-0.000438116
TAZEWELL,2017,0.008068671
WARREN,2017,0.012584533
PULASKI,2017,0.004757932
MADISON,2017,0.005965956
MONTGOMERY,2017,-0.001504171
MENARD,2017,0.006876091
HANCOCK,2017,0.008305001
MCLEAN,2017,0.002734633
UNION,2018,0.018318768
MCDONOUGH,2018,0.016059863
WINNEBAGO,2018,0.026490245
MARSHALL,2018,0.01546359
JERSEY,2018,0.006006876
BUREAU,2018,0.018900192
PUTNAM,2018,0.017473008
MASON,2018,0.008345363
OGLE,2018,0.02874998
DU PAGE,2018,0.013063158
LAKE,2018,0.002921853
CASS,2018,0.012855912
LAWRENCE,2018,0.009882767
CHAMPAIGN,2018,0.012294308
FORD,2018,0.011275811
SCOTT,2018,0.007429373
ALEXANDER,2018,0.021175789
CLARK,2018,0.014754186
ROCK ISLAND,2018,0.022950839
HARDIN,2018,0.017843573
CALHOUN,2018,0.014355695
JACKSON,2018,0.016575077
BOND,2018,0.008844027
CRAWFORD,2018,0.006554879
FRANKLIN,2018,0.014070498
PIATT,2018,0.012726583
ST CLAIR,2018,0.006692352
HAMILTON,2018,0.009526834
CUMBERLAND,2018,0.013461882
ADAMS,2018,0.016892509
DE WITT,2018,0.016335084
JO DAVIESS,2018,0.026697212
VERMILION,2018,0.013500117
EFFINGHAM,2018,0.012563564
COOK,2018,0.003606681
PIKE,2018,0.006122884
MARION,2018,0.008280475
KNOX,2018,0.016410089
MCHENRY,2018,0.026842798
HENDERSON,2018,0.021656593
HENRY,2018,0.020706629
GREENE,2018,0.003302932
SALINE,2018,0.010649299
WHITESIDE,2018,0.020740086
DE KALB,2018,0.024314928
WHITE,2018,0.00556341
LIVINGSTON,2018,0.009847812
WOODFORD,2018,0.013673319
MERCER,2018,0.021299958
MACON,2018,0.014460779
KENDALL,2018,0.018277953
CLINTON,2018,0.007933594
GRUNDY,2018,0.015240774
PERRY,2018,0.009439651
JASPER,2018,0.009578389
EDGAR,2018,0.014578842
COLES,2018,0.015499716
GALLATIN,2018,0.009576434
DOUGLAS,2018,0.007215497
RANDOLPH,2018,0.012748476
CHRISTIAN,2018,0.010507798
WILL,2018,0.010848201
MACOUPIN,2018,0.0082795
JEFFERSON,2018,0.01261403
POPE,2018,0.016082712
STARK,2018,0.015274591
SCHUYLER,2018,0.018873579
STEPHENSON,2018,0.027285853
LOGAN,2018,0.007536196
LEE,2018,0.021868159
FAYETTE,2018,0.007363586
LA SALLE,2018,0.018090221
PEORIA,2018,0.018824274
RICHLAND,2018,0.00830268
WILLIAMSON,2018,0.014383738
IROQUOIS,2018,0.007343667
KANE,2018,0.021360498
SHELBY,2018,0.01385734
MONROE,2018,0.011493264
CARROLL,2018,0.027153506
CLAY,2018,0.008175691
MASSAC,2018,0.012318522
JOHNSON,2018,0.016108763
BROWN,2018,0.015118182
KANKAKEE,2018,0.009061697
SANGAMON,2018,0.015011267
BOONE,2018,0.029629363
MORGAN,2018,0.00968138
EDWARDS,2018,0.006141999
WABASH,2018,0.001308519
WAYNE,2018,0.005819418
FULTON,2018,0.018208859
WASHINGTON,2018,0.007496971
MOULTRIE,2018,0.01230873
TAZEWELL,2018,0.012654391
WARREN,2018,0.016568918
PULASKI,2018,0.013218411
MADISON,2018,0.008036497
MONTGOMERY,2018,0.013092222
MENARD,2018,0.013914468
HANCOCK,2018,0.017847404
MCLEAN,2018,0.012329695
UNION,2019,0.009703141
MCDONOUGH,2019,0.010698415
WINNEBAGO,2019,0.02954989
MARSHALL,2019,0.012219437
JERSEY,2019,0.011158087
BUREAU,2019,0.018540239
PUTNAM,2019,0.016256609
MASON,2019,0.010934938
OGLE,2019,0.037337531
DU PAGE,2019,0.015017989
LAKE,2019,0.009240435
CASS,2019,0.009374358
LAWRENCE,2019,0.005366373
CHAMPAIGN,2019,0.010385157
FORD,2019,0.010925194
SCOTT,2019,0.016629889
ALEXANDER,2019,0.013543173
CLARK,2019,0.010305925
ROCK ISLAND,2019,0.022248394
HARDIN,2019,0.011508938
CALHOUN,2019,0.024241555
JACKSON,2019,0.00864196
BOND,2019,0.012271386
CRAWFORD,2019,0.005563977
FRANKLIN,2019,0.00771087
PIATT,2019,0.018123303
ST CLAIR,2019,0.016632575
HAMILTON,2019,0.004687699
CUMBERLAND,2019,0.008804526
ADAMS,2019,0.010476582
DE WITT,2019,0.015241927
JO DAVIESS,2019,0.034615111
VERMILION,2019,0.012235278
EFFINGHAM,2019,0.010772228
COOK,2019,0.014531765
PIKE,2019,0.015106669
MARION,2019,0.009654251
KNOX,2019,0.012056837
MCHENRY,2019,0.025279285
HENDERSON,2019,0.013134848
HENRY,2019,0.015606336
GREENE,2019,0.012182666
SALINE,2019,0.004873188
WHITESIDE,2019,0.023243034
DE KALB,2019,0.024568853
WHITE,2019,-0.000473909
LIVINGSTON,2019,0.007846137
WOODFORD,2019,0.008952805
MERCER,2019,0.018332291
MACON,2019,0.010822479
KENDALL,2019,0.010173167
CLINTON,2019,0.016918357
GRUNDY,2019,0.008892802
PERRY,2019,0.005389159
JASPER,2019,0.010463671
EDGAR,2019,0.00995481
COLES,2019,0.009013637
GALLATIN,2019,0.006645184
DOUGLAS,2019,0.010010825
RANDOLPH,2019,0.010883437
CHRISTIAN,2019,0.009692318
WILL,2019,0.008632672
MACOUPIN,2019,0.006389407
JEFFERSON,2019,0.007634629
POPE,2019,0.010791623
STARK,2019,0.0114317
SCHUYLER,2019,0.008460634
STEPHENSON,2019,0.037615898
LOGAN,2019,0.014714223
LEE,2019,0.022882348
FAYETTE,2019,0.012964751
LA SALLE,2019,0.01409105
PEORIA,2019,0.010638818
RICHLAND,2019,0.004784024
WILLIAMSON,2019,0.008681702
IROQUOIS,2019,0.010086997
KANE,2019,0.018521715
SHELBY,2019,0.008188481
MONROE,2019,0.012024062
CARROLL,2019,0.038743132
CLAY,2019,0.005135431
MASSAC,2019,0.007667972
JOHNSON,2019,0.011073959
BROWN,2019,0.011961503
KANKAKEE,2019,0.008691804
SANGAMON,2019,0.013409762
BOONE,2019,0.030452498
MORGAN,2019,0.016770483
EDWARDS,2019,2.32E-05
WABASH,2019,-0.000408452
WAYNE,2019,0.004299717
FULTON,2019,0.012053945
WASHINGTON,2019,0.010382657
MOULTRIE,2019,0.008770739
TAZEWELL,2019,0.01167801
WARREN,2019,0.011554695
PULASKI,2019,0.008409227
MADISON,2019,0.014795353
MONTGOMERY,2019,0.008496747
MENARD,2019,0.014324551
HANCOCK,2019,0.010437474
MCLEAN,2019,0.014342369
UNION,2020,0.015452327
MCDONOUGH,2020,0.004023032
WINNEBAGO,2020,0.020492525
MARSHALL,2020,0.009399029
JERSEY,2020,0.006820956
BUREAU,2020,0.006974718
PUTNAM,2020,0.014583088
MASON,2020,0.001526179
OGLE,2020,0.016746374
DU PAGE,2020,0.007652159
LAKE,2020,-0.001574309
CASS,2020,0.003029176
LAWRENCE,2020,-0.007872133
CHAMPAIGN,2020,-0.001538137
FORD,2020,-0.001014142
SCOTT,2020,-0.000159078
ALEXANDER,2020,0.016898249
CLARK,2020,-0.006089585
ROCK ISLAND,2020,0.011765967
HARDIN,2020,0.013057258
CALHOUN,2020,0.019792323
JACKSON,2020,0.015752147
BOND,2020,-0.001921325
CRAWFORD,2020,-0.007411798
FRANKLIN,2020,0.005961609
PIATT,2020,-0.005919337
ST CLAIR,2020,0.001949414
HAMILTON,2020,0.001621109
CUMBERLAND,2020,-0.006980676
ADAMS,2020,0.004641475
DE WITT,2020,-0.00375058
JO DAVIESS,2020,0.029179589
VERMILION,2020,-0.000577758
EFFINGHAM,2020,-0.00685379
COOK,2020,0.00115815
PIKE,2020,0.00524486
MARION,2020,-0.001004063
KNOX,2020,0.006132726
MCHENRY,2020,0.011912107
HENDERSON,2020,0.003157609
HENRY,2020,0.00681877
GREENE,2020,0.001920654
SALINE,2020,0.002824927
WHITESIDE,2020,0.008859008
DE KALB,2020,0.010127267
WHITE,2020,-0.00211837
LIVINGSTON,2020,-0.004915775
WOODFORD,2020,0.007648882
MERCER,2020,0.007045529
MACON,2020,-0.006320862
KENDALL,2020,0.001328543
CLINTON,2020,-0.001389319
GRUNDY,2020,-0.000468089
PERRY,2020,0.002347267
JASPER,2020,-0.007732664
EDGAR,2020,-0.005381371
COLES,2020,-0.003787182
GALLATIN,2020,0.001312001
DOUGLAS,2020,-0.00621197
RANDOLPH,2020,0.006371452
CHRISTIAN,2020,-0.008673995
WILL,2020,0.005099749
MACOUPIN,2020,-0.000487784
JEFFERSON,2020,0.000382893
POPE,2020,0.012744625
STARK,2020,0.008544297
SCHUYLER,2020,0.005291956
STEPHENSON,2020,0.03513613
LOGAN,2020,-0.00096896
LEE,2020,0.010927527
FAYETTE,2020,-0.003109857
LA SALLE,2020,0.002347585
PEORIA,2020,0.014178316
RICHLAND,2020,-0.008426263
WILLIAMSON,2020,0.013025407
IROQUOIS,2020,-0.003804868
KANE,2020,0.008948258
SHELBY,2020,-0.009666539
MONROE,2020,0.006436195
CARROLL,2020,0.020785397
CLAY,2020,-0.005656824
MASSAC,2020,0.007530433
JOHNSON,2020,0.013201518
BROWN,2020,0.006302515
KANKAKEE,2020,-0.003134084
SANGAMON,2020,0.001096806
BOONE,2020,0.017911181
MORGAN,2020,0.002380077
EDWARDS,2020,-0.008719344
WABASH,2020,-0.008779642
WAYNE,2020,-0.007079983
FULTON,2020,0.011268708
WASHINGTON,2020,-0.00305234
MOULTRIE,2020,-0.004146903
TAZEWELL,2020,0.008354373
WARREN,2020,0.000600726
PULASKI,2020,0.006786395
MADISON,2020,0.000781356
MONTGOMERY,2020,-0.00445716
MENARD,2020,0.003517145
HANCOCK,2020,0.001060288
MCLEAN,2020,0.001857079