County,Year,NDVI,EVI
UNION,2000,0.639517748,0.372822847
UNION,2001,0.543591463,0.339535202
UNION,2002,0.674374817,0.381437705
UNION,2003,0.639214283,0.351928158
UNION,2004,0.549028809,0.329890006
UNION,2005,0.655026215,0.382064734
UNION,2006,0.607018399,0.339723925
UNION,2007,0.60577281,0.337414538
UNION,2008,0.574946,0.339558729
UNION,2009,0.562461855,0.341128627
UNION,2010,0.585391387,0.361118046
UNION,2011,0.57711317,0.332257467
UNION,2012,0.698986329,0.432962738
UNION,2013,0.627132383,0.378128276
UNION,2014,0.578716773,0.334795964
UNION,2015,0.582826655,0.319518731
UNION,2016,0.638947645,0.330194386
UNION,2017,0.66093252,0.376800663
UNION,2018,0.57165169,0.352807041
UNION,2019,0.627267007,0.375915589
UNION,2020,0.596841951,0.337248305
MCDONOUGH,2000,0.38270814,0.224580992
MCDONOUGH,2001,0.368295694,0.206976846
MCDONOUGH,2002,0.377773061,0.226915173
MCDONOUGH,2003,0.373915721,0.204218772
MCDONOUGH,2004,0.370538062,0.23171978
MCDONOUGH,2005,0.394710641,0.225252776
MCDONOUGH,2006,0.343707641,0.215713503
MCDONOUGH,2007,0.365540914,0.221853295
MCDONOUGH,2008,0.371272664,0.211444867
MCDONOUGH,2009,0.411891711,0.246290051
MCDONOUGH,2010,0.359635547,0.235829091
MCDONOUGH,2011,0.383269587,0.206478597
MCDONOUGH,2012,0.403398433,0.244249237
MCDONOUGH,2013,0.400000113,0.22953423
MCDONOUGH,2014,0.345299869,0.201270097
MCDONOUGH,2015,0.354153469,0.214846351
MCDONOUGH,2016,0.385790828,0.242508365
MCDONOUGH,2017,0.42025868,0.221518364
MCDONOUGH,2018,0.381172233,0.230298139
MCDONOUGH,2019,0.412848786,0.250325926
MCDONOUGH,2020,0.379285906,0.218853809
WINNEBAGO,2000,0.446123373,0.266818762
WINNEBAGO,2001,0.419477151,0.240722083
WINNEBAGO,2002,0.442127649,0.267545537
WINNEBAGO,2003,0.399096027,0.232450325
WINNEBAGO,2004,0.433732238,0.240644253
WINNEBAGO,2005,0.447314503,0.255698074
WINNEBAGO,2006,0.429814348,0.232530261
WINNEBAGO,2007,0.43573293,0.247638383
WINNEBAGO,2008,0.3988005,0.244134951
WINNEBAGO,2009,0.381430285,0.22585587
WINNEBAGO,2010,0.406630204,0.257260958
WINNEBAGO,2011,0.405931625,0.249420158
WINNEBAGO,2012,0.442178954,0.273253142
WINNEBAGO,2013,0.426743165,0.271779168
WINNEBAGO,2014,0.385695592,0.232427365
WINNEBAGO,2015,0.394027225,0.252518114
WINNEBAGO,2016,0.457566074,0.264893954
WINNEBAGO,2017,0.436337012,0.23387054
WINNEBAGO,2018,0.386160978,0.239034172
WINNEBAGO,2019,0.426401255,0.24069803
WINNEBAGO,2020,0.413425663,0.262547139
MARSHALL,2000,0.354875595,0.200152686
MARSHALL,2001,0.320889909,0.179650844
MARSHALL,2002,0.343323082,0.202315965
MARSHALL,2003,0.315034916,0.182256991
MARSHALL,2004,0.339272475,0.195601918
MARSHALL,2005,0.334879748,0.189288435
MARSHALL,2006,0.328811621,0.186767706
MARSHALL,2007,0.339507148,0.190347377
MARSHALL,2008,0.32636995,0.190048595
MARSHALL,2009,0.350430471,0.200278109
MARSHALL,2010,0.318830751,0.191829241
MARSHALL,2011,0.339175145,0.200297254
MARSHALL,2012,0.375581595,0.222942301
MARSHALL,2013,0.37886239,0.214192732
MARSHALL,2014,0.312809831,0.196700222
MARSHALL,2015,0.338834307,0.205567841
MARSHALL,2016,0.357918214,0.217206464
MARSHALL,2017,0.382261477,0.18239959
MARSHALL,2018,0.350856155,0.202576835
MARSHALL,2019,0.37165874,0.211697517
MARSHALL,2020,0.339980268,0.21725225
JERSEY,2000,0.505050532,0.31889776
JERSEY,2001,0.461004278,0.273523312
JERSEY,2002,0.476345022,0.274110227
JERSEY,2003,0.456185958,0.254467554
JERSEY,2004,0.489435382,0.311542132
JERSEY,2005,0.504884728,0.290834979
JERSEY,2006,0.468143559,0.27687135
JERSEY,2007,0.472685283,0.284115183
JERSEY,2008,0.47943573,0.258530178
JERSEY,2009,0.501127651,0.275822006
JERSEY,2010,0.448913722,0.293678831
JERSEY,2011,0.44510575,0.268852739
JERSEY,2012,0.516310072,0.32662966
JERSEY,2013,0.482456815,0.273275453
JERSEY,2014,0.465682241,0.249911682
JERSEY,2015,0.448824205,0.276165302
JERSEY,2016,0.481498836,0.282926703
JERSEY,2017,0.505766738,0.28436904
JERSEY,2018,0.476103383,0.296359506
JERSEY,2019,0.495367367,0.286708063
JERSEY,2020,0.443958299,0.24979217
BUREAU,2000,0.348705666,0.197951572
BUREAU,2001,0.307911529,0.173423223
BUREAU,2002,0.355771686,0.197467996
BUREAU,2003,0.310594425,0.180806851
BUREAU,2004,0.336623189,0.179826198
BUREAU,2005,0.3290313,0.184336305
BUREAU,2006,0.325691379,0.189098858
BUREAU,2007,0.330163227,0.190481205
BUREAU,2008,0.319290053,0.184108704
BUREAU,2009,0.309825497,0.17045997
BUREAU,2010,0.313432038,0.189750081
BUREAU,2011,0.332568312,0.196054858
BUREAU,2012,0.358282256,0.213574903
BUREAU,2013,0.358054319,0.217696814
BUREAU,2014,0.315729399,0.179234761
BUREAU,2015,0.331722846,0.203984676
BUREAU,2016,0.356582184,0.217878815
BUREAU,2017,0.360558591,0.18004564
BUREAU,2018,0.336498401,0.199799739
BUREAU,2019,0.355085096,0.194610719
BUREAU,2020,0.352365449,0.202791402
PUTNAM,2000,0.385914782,0.212786804
PUTNAM,2001,0.322526746,0.178602089
PUTNAM,2002,0.370343859,0.205137826
PUTNAM,2003,0.346641706,0.188493229
PUTNAM,2004,0.362427583,0.192314747
PUTNAM,2005,0.352874559,0.189588233
PUTNAM,2006,0.351041588,0.184317577
PUTNAM,2007,0.362221204,0.190805175
PUTNAM,2008,0.327776189,0.186130893
PUTNAM,2009,0.330125268,0.180690157
PUTNAM,2010,0.34013797,0.186073958
PUTNAM,2011,0.361519896,0.204664032
PUTNAM,2012,0.403523608,0.239394631
PUTNAM,2013,0.406059161,0.236016354
PUTNAM,2014,0.33006515,0.190088642
PUTNAM,2015,0.36395438,0.204604364
PUTNAM,2016,0.397645556,0.231684093
PUTNAM,2017,0.414895512,0.194246727
PUTNAM,2018,0.377012114,0.216108116
PUTNAM,2019,0.381126084,0.19659789
PUTNAM,2020,0.361427862,0.223171912
MASON,2000,0.358879676,0.204234957
MASON,2001,0.33358525,0.183927992
MASON,2002,0.346412979,0.199462056
MASON,2003,0.323686768,0.178312831
MASON,2004,0.327752129,0.193458743
MASON,2005,0.366360988,0.199917891
MASON,2006,0.345113781,0.201121632
MASON,2007,0.340631784,0.20013354
MASON,2008,0.360358162,0.196786753
MASON,2009,0.361843753,0.200974733
MASON,2010,0.347986902,0.197415919
MASON,2011,0.354560674,0.189968848
MASON,2012,0.375374775,0.215505194
MASON,2013,0.374004912,0.207174452
MASON,2014,0.312198268,0.181406354
MASON,2015,0.339879642,0.193183932
MASON,2016,0.36698332,0.212710912
MASON,2017,0.372202802,0.206106603
MASON,2018,0.336288903,0.197092721
MASON,2019,0.364825921,0.215999989
MASON,2020,0.346301363,0.208116542
OGLE,2000,0.385954666,0.223816889
OGLE,2001,0.346612393,0.193463682
OGLE,2002,0.398957061,0.232654674
OGLE,2003,0.333726324,0.195862858
OGLE,2004,0.386023893,0.214701398
OGLE,2005,0.38513788,0.223049939
OGLE,2006,0.356215957,0.198813451
OGLE,2007,0.366979465,0.212372375
OGLE,2008,0.353033244,0.21596226
OGLE,2009,0.332922571,0.184879829
OGLE,2010,0.347637015,0.228774684
OGLE,2011,0.354310153,0.211315457
OGLE,2012,0.385848444,0.243238318
OGLE,2013,0.363176804,0.233849997
OGLE,2014,0.34139582,0.190491949
OGLE,2015,0.344566357,0.218729308
OGLE,2016,0.386066207,0.227876089
OGLE,2017,0.372767476,0.189517837
OGLE,2018,0.352069857,0.21217654
OGLE,2019,0.37670825,0.205078038
OGLE,2020,0.383039657,0.221462088
DU PAGE,2000,0.520134923,0.323606655
DU PAGE,2001,0.49633791,0.293220295
DU PAGE,2002,0.490834669,0.329606768
DU PAGE,2003,0.434156617,0.268873792
DU PAGE,2004,0.46643508,0.277729501
DU PAGE,2005,0.504588529,0.309122052
DU PAGE,2006,0.481741677,0.27550139
DU PAGE,2007,0.502013427,0.288636622
DU PAGE,2008,0.438931718,0.26095888
DU PAGE,2009,0.438366094,0.266994993
DU PAGE,2010,0.469861034,0.29626596
DU PAGE,2011,0.472689056,0.292506863
DU PAGE,2012,0.495714181,0.303211437
DU PAGE,2013,0.48283344,0.307126661
DU PAGE,2014,0.443846433,0.274396415
DU PAGE,2015,0.474707837,0.282460874
DU PAGE,2016,0.517402385,0.312879088
DU PAGE,2017,0.507039647,0.292933461
DU PAGE,2018,0.452114183,0.271979921
DU PAGE,2019,0.485263464,0.302147456
DU PAGE,2020,0.48377245,0.295063476
LAKE,2000,0.310872208,0.180504309
LAKE,2001,0.371517537,0.215962583
LAKE,2002,0.416567137,0.261177419
LAKE,2003,0.356352277,0.204688911
LAKE,2004,0.356671133,0.199633934
LAKE,2005,0.382880203,0.23293443
LAKE,2006,0.345290028,0.162377946
LAKE,2007,0.276076795,0.169149488
LAKE,2008,0.369082311,0.209510978
LAKE,2009,0.337945208,0.186683932
LAKE,2010,0.452909329,0.251711685
LAKE,2011,0.3280794,0.176547893
LAKE,2012,0.4530604,0.223365954
LAKE,2013,0.327966295,0.183929537
LAKE,2014,0.27115395,0.172574107
LAKE,2015,0.395556371,0.222272677
LAKE,2016,0.334436847,0.192911293
LAKE,2017,0.346909345,0.178174016
LAKE,2018,0.287297323,0.149134721
LAKE,2019,0.243577546,0.126854285
LAKE,2020,0.19258867,0.112459611
CASS,2000,0.400039456,0.233405481
CASS,2001,0.377606925,0.197789648
CASS,2002,0.387061455,0.224623428
CASS,2003,0.373953607,0.201145265
CASS,2004,0.369608721,0.220006285
CASS,2005,0.416678935,0.222705265
CASS,2006,0.385320572,0.223177627
CASS,2007,0.388428438,0.220313766
CASS,2008,0.390953197,0.20882553
CASS,2009,0.427681566,0.22999656
CASS,2010,0.376631092,0.226933796
CASS,2011,0.374336049,0.205429065
CASS,2012,0.424706573,0.248278651
CASS,2013,0.414116752,0.226823167
CASS,2014,0.346907824,0.201138458
CASS,2015,0.381425508,0.215526591
CASS,2016,0.407770164,0.237058034
CASS,2017,0.419009434,0.225408686
CASS,2018,0.381860764,0.223828839
CASS,2019,0.405707117,0.244010876
CASS,2020,0.391399919,0.209644181
LAWRENCE,2000,0.485970694,0.301265604
LAWRENCE,2001,0.435181383,0.261083167
LAWRENCE,2002,0.432521691,0.245005979
LAWRENCE,2003,0.463999708,0.24390785
LAWRENCE,2004,0.434222209,0.262767205
LAWRENCE,2005,0.41832121,0.247905886
LAWRENCE,2006,0.45814755,0.263415029
LAWRENCE,2007,0.445935552,0.267482054
LAWRENCE,2008,0.433257224,0.251755346
LAWRENCE,2009,0.457008637,0.24205196
LAWRENCE,2010,0.3895656,0.228824153
LAWRENCE,2011,0.462775317,0.281402157
LAWRENCE,2012,0.476942739,0.293080825
LAWRENCE,2013,0.495354429,0.318539653
LAWRENCE,2014,0.40974049,0.246448075
LAWRENCE,2015,0.391869377,0.228851966
LAWRENCE,2016,0.442421658,0.249185267
LAWRENCE,2017,0.429737906,0.264374284
LAWRENCE,2018,0.420245489,0.25412274
LAWRENCE,2019,0.441267155,0.267071749
LAWRENCE,2020,0.404477311,0.253924311
CHAMPAIGN,2000,0.306794703,0.16987293
CHAMPAIGN,2001,0.294160298,0.168423109
CHAMPAIGN,2002,0.290569802,0.175128445
CHAMPAIGN,2003,0.29381156,0.166137447
CHAMPAIGN,2004,0.292393269,0.178408332
CHAMPAIGN,2005,0.297546002,0.172459806
CHAMPAIGN,2006,0.327820293,0.174265477
CHAMPAIGN,2007,0.302860882,0.173388917
CHAMPAIGN,2008,0.303371358,0.172886753
CHAMPAIGN,2009,0.309520191,0.186190751
CHAMPAIGN,2010,0.290566336,0.176405238
CHAMPAIGN,2011,0.312295671,0.164734497
CHAMPAIGN,2012,0.330803886,0.192528342
CHAMPAIGN,2013,0.28774982,0.172407288
CHAMPAIGN,2014,0.294521411,0.175085981
CHAMPAIGN,2015,0.296778005,0.17901474
CHAMPAIGN,2016,0.317452974,0.180047066
CHAMPAIGN,2017,0.331121304,0.171601977
CHAMPAIGN,2018,0.31702142,0.181382195
CHAMPAIGN,2019,0.326779472,0.180895278
CHAMPAIGN,2020,0.31661751,0.176147485
FORD,2000,0.290116296,0.150474627
FORD,2001,0.287885545,0.151558421
FORD,2002,0.27297306,0.165774833
FORD,2003,0.267995373,0.155520743
FORD,2004,0.286259823,0.15816924
FORD,2005,0.279749132,0.160375205
FORD,2006,0.308955559,0.161073427
FORD,2007,0.284139227,0.163037366
FORD,2008,0.284374892,0.158134308
FORD,2009,0.278209732,0.161007662
FORD,2010,0.264173649,0.1595379
FORD,2011,0.28954899,0.160585807
FORD,2012,0.313126098,0.177912191
FORD,2013,0.277603017,0.161317897
FORD,2014,0.273851545,0.163818947
FORD,2015,0.278368433,0.168599132
FORD,2016,0.296433288,0.170545399
FORD,2017,0.313554098,0.161548874
FORD,2018,0.288693581,0.159667664
FORD,2019,0.317697248,0.169390454
FORD,2020,0.291862667,0.172020009
SCOTT,2000,0.409950347,0.251714772
SCOTT,2001,0.385766979,0.220665974
SCOTT,2002,0.399753268,0.245501008
SCOTT,2003,0.38016779,0.215346712
SCOTT,2004,0.381328939,0.239739475
SCOTT,2005,0.40824139,0.230658175
SCOTT,2006,0.374750476,0.227798897
SCOTT,2007,0.393638164,0.230293685
SCOTT,2008,0.400023122,0.22278099
SCOTT,2009,0.431110716,0.233890603
SCOTT,2010,0.380241112,0.252058851
SCOTT,2011,0.379146867,0.223797427
SCOTT,2012,0.433167084,0.275152024
SCOTT,2013,0.410540322,0.240497044
SCOTT,2014,0.361883882,0.209096915
SCOTT,2015,0.364226461,0.212839036
SCOTT,2016,0.389004682,0.238962733
SCOTT,2017,0.420361934,0.246327976
SCOTT,2018,0.3920038,0.235892615
SCOTT,2019,0.44240207,0.25617082
SCOTT,2020,0.388800459,0.236974381
ALEXANDER,2000,0.541776748,0.308869104
ALEXANDER,2001,0.465734924,0.285054493
ALEXANDER,2002,0.555863166,0.29911393
ALEXANDER,2003,0.56104216,0.289584161
ALEXANDER,2004,0.490720579,0.275564287
ALEXANDER,2005,0.559055318,0.313640554
ALEXANDER,2006,0.526068008,0.278232454
ALEXANDER,2007,0.520943624,0.276703395
ALEXANDER,2008,0.4754484,0.259721162
ALEXANDER,2009,0.422853454,0.280497571
ALEXANDER,2010,0.505996728,0.294920181
ALEXANDER,2011,0.54587101,0.30469091
ALEXANDER,2012,0.610790989,0.382501483
ALEXANDER,2013,0.552684976,0.300866412
ALEXANDER,2014,0.491004226,0.29313532
ALEXANDER,2015,0.493696897,0.270230311
ALEXANDER,2016,0.55268803,0.274597878
ALEXANDER,2017,0.559384573,0.328227797
ALEXANDER,2018,0.559039469,0.299302017
ALEXANDER,2019,0.575861323,0.277763557
ALEXANDER,2020,0.548645637,0.296995896
CLARK,2000,0.448909978,0.255902042
CLARK,2001,0.373272233,0.228661376
CLARK,2002,0.422492625,0.243878616
CLARK,2003,0.41164252,0.228046909
CLARK,2004,0.394337514,0.244166318
CLARK,2005,0.415360975,0.248367585
CLARK,2006,0.420446323,0.246150052
CLARK,2007,0.423245583,0.247598529
CLARK,2008,0.420006945,0.231371664
CLARK,2009,0.421707604,0.228189681
CLARK,2010,0.395396932,0.238621915
CLARK,2011,0.371576082,0.22155519
CLARK,2012,0.441693089,0.28798821
CLARK,2013,0.449987422,0.270719071
CLARK,2014,0.372831964,0.215016908
CLARK,2015,0.373007359,0.194642298
CLARK,2016,0.450248949,0.248238291
CLARK,2017,0.442532679,0.239609044
CLARK,2018,0.41154613,0.271128408
CLARK,2019,0.450950269,0.274058549
CLARK,2020,0.373716986,0.231595128
ROCK ISLAND,2000,0.452482431,0.261702016
ROCK ISLAND,2001,0.415512184,0.226008242
ROCK ISLAND,2002,0.442568494,0.265864971
ROCK ISLAND,2003,0.416955866,0.231696332
ROCK ISLAND,2004,0.443001561,0.234490584
ROCK ISLAND,2005,0.431480517,0.237620234
ROCK ISLAND,2006,0.413156491,0.232321138
ROCK ISLAND,2007,0.410316635,0.245188223
ROCK ISLAND,2008,0.377262197,0.230007164
ROCK ISLAND,2009,0.361061293,0.214192081
ROCK ISLAND,2010,0.404964396,0.252683283
ROCK ISLAND,2011,0.427040434,0.241636118
ROCK ISLAND,2012,0.452393054,0.284614114
ROCK ISLAND,2013,0.413212565,0.259858626
ROCK ISLAND,2014,0.408018682,0.22780248
ROCK ISLAND,2015,0.400695062,0.247624286
ROCK ISLAND,2016,0.44522567,0.264987375
ROCK ISLAND,2017,0.45365581,0.267006854
ROCK ISLAND,2018,0.397203789,0.245054542
ROCK ISLAND,2019,0.422079075,0.246170365
ROCK ISLAND,2020,0.428218425,0.260196733
HARDIN,2000,0.689823296,0.402783339
HARDIN,2001,0.574265643,0.324574579
HARDIN,2002,0.688897914,0.389692329
HARDIN,2003,0.663334955,0.345758799
HARDIN,2004,0.562373304,0.310588965
HARDIN,2005,0.71005817,0.396087382
HARDIN,2006,0.633239845,0.331201198
HARDIN,2007,0.628996208,0.369950717
HARDIN,2008,0.601896694,0.339631311
HARDIN,2009,0.529833722,0.314873155
HARDIN,2010,0.591036946,0.312806959
HARDIN,2011,0.605216431,0.338760164
HARDIN,2012,0.734351304,0.425897599
HARDIN,2013,0.699199414,0.398759844
HARDIN,2014,0.667081088,0.345110737
HARDIN,2015,0.550929666,0.277246578
HARDIN,2016,0.707607416,0.363286756
HARDIN,2017,0.692849866,0.363940634
HARDIN,2018,0.708727344,0.372058214
HARDIN,2019,0.649812995,0.320757858
HARDIN,2020,0.658940527,0.362210267
CALHOUN,2000,0.568294465,0.347843651
CALHOUN,2001,0.526318523,0.273380841
CALHOUN,2002,0.549000426,0.315301054
CALHOUN,2003,0.55004542,0.285567851
CALHOUN,2004,0.499548504,0.290764481
CALHOUN,2005,0.565109363,0.302343263
CALHOUN,2006,0.525390508,0.291016027
CALHOUN,2007,0.479903261,0.278260615
CALHOUN,2008,0.510755688,0.271418252
CALHOUN,2009,0.53263675,0.281363587
CALHOUN,2010,0.492117752,0.297970419
CALHOUN,2011,0.510328772,0.277730216
CALHOUN,2012,0.593551159,0.363400421
CALHOUN,2013,0.494790895,0.282048155
CALHOUN,2014,0.506590011,0.254024852
CALHOUN,2015,0.539459523,0.280221692
CALHOUN,2016,0.520677475,0.274341042
CALHOUN,2017,0.588838528,0.322135434
CALHOUN,2018,0.537785371,0.315293555
CALHOUN,2019,0.576898639,0.301120567
CALHOUN,2020,0.511663991,0.262086129
JACKSON,2000,0.584219724,0.340558916
JACKSON,2001,0.507783115,0.32146787
JACKSON,2002,0.585365562,0.317249085
JACKSON,2003,0.564156298,0.315520129
JACKSON,2004,0.503339929,0.314989915
JACKSON,2005,0.588890512,0.34137783
JACKSON,2006,0.554559502,0.305097428
JACKSON,2007,0.545816661,0.293126259
JACKSON,2008,0.531547694,0.319904986
JACKSON,2009,0.567735515,0.296373842
JACKSON,2010,0.556997333,0.337080915
JACKSON,2011,0.518368507,0.292180546
JACKSON,2012,0.637663071,0.403455052
JACKSON,2013,0.5717206,0.337485869
JACKSON,2014,0.546269408,0.295307683
JACKSON,2015,0.504660055,0.316518698
JACKSON,2016,0.58045963,0.297000111
JACKSON,2017,0.579337928,0.324647596
JACKSON,2018,0.605340408,0.330858543
JACKSON,2019,0.57460544,0.347369044
JACKSON,2020,0.562848867,0.317022075
BOND,2000,0.506182778,0.317847196
BOND,2001,0.466068532,0.291924613
BOND,2002,0.48177,0.282365259
BOND,2003,0.469024796,0.256130499
BOND,2004,0.454538534,0.284174908
BOND,2005,0.460533444,0.273937424
BOND,2006,0.481623312,0.274641491
BOND,2007,0.450679515,0.268144018
BOND,2008,0.501009293,0.285315939
BOND,2009,0.487438325,0.280263182
BOND,2010,0.448200405,0.291182931
BOND,2011,0.450969083,0.269249091
BOND,2012,0.515227905,0.344959361
BOND,2013,0.431700361,0.285031435
BOND,2014,0.475013907,0.249959759
BOND,2015,0.471868682,0.285876107
BOND,2016,0.470776027,0.269473831
BOND,2017,0.488773684,0.286163914
BOND,2018,0.452935767,0.26799346
BOND,2019,0.480970957,0.304792798
BOND,2020,0.418736466,0.245441256
CRAWFORD,2000,0.476767652,0.280874178
CRAWFORD,2001,0.427242127,0.264175111
CRAWFORD,2002,0.43915173,0.250865148
CRAWFORD,2003,0.451301165,0.256698122
CRAWFORD,2004,0.424487923,0.274418516
CRAWFORD,2005,0.428455631,0.255137352
CRAWFORD,2006,0.475068538,0.276163236
CRAWFORD,2007,0.436486178,0.256458736
CRAWFORD,2008,0.435891744,0.245362337
CRAWFORD,2009,0.464961761,0.239608564
CRAWFORD,2010,0.39663892,0.240073187
CRAWFORD,2011,0.437641153,0.261982049
CRAWFORD,2012,0.473468905,0.29382464
CRAWFORD,2013,0.461947151,0.301233414
CRAWFORD,2014,0.414920041,0.237838463
CRAWFORD,2015,0.377779131,0.210352547
CRAWFORD,2016,0.45851332,0.253709627
CRAWFORD,2017,0.472821596,0.292185741
CRAWFORD,2018,0.436999046,0.274455799
CRAWFORD,2019,0.456684537,0.284866941
CRAWFORD,2020,0.408554711,0.257418003
FRANKLIN,2000,0.552057426,0.32991621
FRANKLIN,2001,0.503550825,0.320010557
FRANKLIN,2002,0.532081524,0.292465186
FRANKLIN,2003,0.535372041,0.30592005
FRANKLIN,2004,0.501018751,0.307614857
FRANKLIN,2005,0.553668183,0.326468156
FRANKLIN,2006,0.509589531,0.295337362
FRANKLIN,2007,0.496041798,0.291911234
FRANKLIN,2008,0.529120364,0.289283698
FRANKLIN,2009,0.527149745,0.282427258
FRANKLIN,2010,0.473759196,0.276929464
FRANKLIN,2011,0.479177619,0.277252374
FRANKLIN,2012,0.559095206,0.376411676
FRANKLIN,2013,0.5467896,0.333119214
FRANKLIN,2014,0.495823358,0.276577209
FRANKLIN,2015,0.489751245,0.290247817
FRANKLIN,2016,0.531544949,0.29123122
FRANKLIN,2017,0.512511386,0.291830142
FRANKLIN,2018,0.540223816,0.293523547
FRANKLIN,2019,0.536259611,0.3290308
FRANKLIN,2020,0.527340075,0.305314313
PIATT,2000,0.302389406,0.163752984
PIATT,2001,0.294259743,0.16630405
PIATT,2002,0.282301788,0.167534827
PIATT,2003,0.291743509,0.156360561
PIATT,2004,0.293021026,0.177113337
PIATT,2005,0.299994194,0.170742956
PIATT,2006,0.331578437,0.173373083
PIATT,2007,0.298876989,0.17183803
PIATT,2008,0.326592756,0.177573214
PIATT,2009,0.326600214,0.171269077
PIATT,2010,0.28496999,0.168791831
PIATT,2011,0.3027729,0.167761393
PIATT,2012,0.328237955,0.183938278
PIATT,2013,0.290691315,0.169499459
PIATT,2014,0.288511588,0.171931362
PIATT,2015,0.296099735,0.171198313
PIATT,2016,0.31592656,0.178823175
PIATT,2017,0.333809826,0.173144253
PIATT,2018,0.314745225,0.17277761
PIATT,2019,0.336690444,0.175541086
PIATT,2020,0.307166451,0.165729897
ST CLAIR,2000,0.485012962,0.309219771
ST CLAIR,2001,0.478183948,0.289275906
ST CLAIR,2002,0.479579038,0.287324622
ST CLAIR,2003,0.499130574,0.286135822
ST CLAIR,2004,0.478554825,0.29203369
ST CLAIR,2005,0.47440149,0.281717941
ST CLAIR,2006,0.486382699,0.29062523
ST CLAIR,2007,0.455136666,0.299902043
ST CLAIR,2008,0.480850494,0.2748352
ST CLAIR,2009,0.491664062,0.299628359
ST CLAIR,2010,0.472323436,0.287469161
ST CLAIR,2011,0.48608101,0.295372658
ST CLAIR,2012,0.512191255,0.349070408
ST CLAIR,2013,0.474823322,0.310699784
ST CLAIR,2014,0.49276894,0.268648983
ST CLAIR,2015,0.484016276,0.289313255
ST CLAIR,2016,0.482092934,0.290597066
ST CLAIR,2017,0.465029115,0.280125274
ST CLAIR,2018,0.483975888,0.27977371
ST CLAIR,2019,0.50492246,0.307971177
ST CLAIR,2020,0.484589961,0.299576949
HAMILTON,2000,0.518047772,0.322480168
HAMILTON,2001,0.458121688,0.302658817
HAMILTON,2002,0.487422146,0.267907186
HAMILTON,2003,0.492876195,0.281965127
HAMILTON,2004,0.456225127,0.293030386
HAMILTON,2005,0.500464937,0.303541406
HAMILTON,2006,0.47132461,0.281609429
HAMILTON,2007,0.452766282,0.278860977
HAMILTON,2008,0.491157061,0.287359762
HAMILTON,2009,0.503582822,0.268658862
HAMILTON,2010,0.392489219,0.232924966
HAMILTON,2011,0.450321846,0.277681404
HAMILTON,2012,0.533614678,0.328829698
HAMILTON,2013,0.525309341,0.325412473
HAMILTON,2014,0.434689829,0.265467024
HAMILTON,2015,0.454493067,0.284351051
HAMILTON,2016,0.495872248,0.289969521
HAMILTON,2017,0.48971041,0.296835378
HAMILTON,2018,0.498174247,0.2834767
HAMILTON,2019,0.486056465,0.29666554
HAMILTON,2020,0.464015853,0.298522968
CUMBERLAND,2000,0.441596745,0.25381909
CUMBERLAND,2001,0.370351696,0.228239376
CUMBERLAND,2002,0.36818438,0.225425762
CUMBERLAND,2003,0.380608508,0.213989567
CUMBERLAND,2004,0.38403032,0.241158078
CUMBERLAND,2005,0.401619461,0.233735136
CUMBERLAND,2006,0.432578827,0.254021951
CUMBERLAND,2007,0.398723101,0.24055152
CUMBERLAND,2008,0.415214151,0.256934597
CUMBERLAND,2009,0.464044595,0.242561542
CUMBERLAND,2010,0.391582134,0.240946099
CUMBERLAND,2011,0.378272753,0.214247044
CUMBERLAND,2012,0.448079833,0.274222266
CUMBERLAND,2013,0.415935931,0.248702148
CUMBERLAND,2014,0.361381846,0.214474989
CUMBERLAND,2015,0.369645952,0.198998228
CUMBERLAND,2016,0.437329328,0.239706039
CUMBERLAND,2017,0.413535664,0.230401455
CUMBERLAND,2018,0.411320388,0.257207791
CUMBERLAND,2019,0.444529197,0.272958379
CUMBERLAND,2020,0.373156841,0.227242097
ADAMS,2000,0.463076979,0.285393266
ADAMS,2001,0.434751785,0.242157121
ADAMS,2002,0.421608654,0.248171095
ADAMS,2003,0.443468747,0.246611374
ADAMS,2004,0.433532336,0.287186082
ADAMS,2005,0.463503311,0.26269165
ADAMS,2006,0.415679703,0.252706272
ADAMS,2007,0.447169511,0.262498278
ADAMS,2008,0.441087772,0.248866236
ADAMS,2009,0.472644551,0.254290794
ADAMS,2010,0.429106431,0.286845597
ADAMS,2011,0.407248169,0.243961227
ADAMS,2012,0.475343672,0.31144913
ADAMS,2013,0.42892739,0.253839858
ADAMS,2014,0.386859308,0.229467207
ADAMS,2015,0.399763094,0.237555083
ADAMS,2016,0.441647973,0.275594766
ADAMS,2017,0.463668448,0.265205282
ADAMS,2018,0.418800591,0.269176137
ADAMS,2019,0.485879679,0.287097757
ADAMS,2020,0.421085872,0.253246923
DE WITT,2000,0.323560882,0.177783208
DE WITT,2001,0.300213667,0.173623641
DE WITT,2002,0.304163401,0.185725661
DE WITT,2003,0.298247669,0.173643483
DE WITT,2004,0.30775148,0.179579951
DE WITT,2005,0.311828082,0.179040603
DE WITT,2006,0.32620247,0.187998831
DE WITT,2007,0.312236026,0.186690634
DE WITT,2008,0.330317474,0.194997679
DE WITT,2009,0.320710791,0.190550031
DE WITT,2010,0.303727139,0.186402069
DE WITT,2011,0.325342462,0.171478202
DE WITT,2012,0.341433172,0.201965417
DE WITT,2013,0.321780938,0.178575548
DE WITT,2014,0.301372405,0.175872885
DE WITT,2015,0.306052843,0.183909658
DE WITT,2016,0.337707356,0.19872892
DE WITT,2017,0.348319115,0.174365444
DE WITT,2018,0.338608703,0.190859447
DE WITT,2019,0.357632999,0.196575899
DE WITT,2020,0.317846196,0.191259149
JO DAVIESS,2000,0.527221949,0.321893499
JO DAVIESS,2001,0.496211891,0.272120586
JO DAVIESS,2002,0.53248626,0.340952168
JO DAVIESS,2003,0.491407532,0.276605563
JO DAVIESS,2004,0.502018768,0.269566948
JO DAVIESS,2005,0.493502123,0.275762348
JO DAVIESS,2006,0.485962989,0.266456258
JO DAVIESS,2007,0.485023738,0.288461161
JO DAVIESS,2008,0.455039483,0.264321853
JO DAVIESS,2009,0.431993145,0.266936835
JO DAVIESS,2010,0.47597863,0.303295729
JO DAVIESS,2011,0.464152113,0.279112058
JO DAVIESS,2012,0.46423554,0.290519008
JO DAVIESS,2013,0.42031014,0.247675002
JO DAVIESS,2014,0.450675438,0.260540159
JO DAVIESS,2015,0.463748816,0.28970521
JO DAVIESS,2016,0.516544488,0.30391574
JO DAVIESS,2017,0.496280019,0.284015688
JO DAVIESS,2018,0.438166988,0.267984415
JO DAVIESS,2019,0.470007377,0.264766401
JO DAVIESS,2020,0.462628498,0.28670486
VERMILION,2000,0.355005821,0.199081422
VERMILION,2001,0.320725507,0.182127597
VERMILION,2002,0.340628236,0.207496036
VERMILION,2003,0.324928934,0.184432049
VERMILION,2004,0.312993489,0.191876312
VERMILION,2005,0.336275842,0.191123232
VERMILION,2006,0.351666739,0.192560328
VERMILION,2007,0.336974813,0.185888082
VERMILION,2008,0.339604092,0.187554686
VERMILION,2009,0.342117517,0.209499494
VERMILION,2010,0.320812741,0.193894054
VERMILION,2011,0.324083407,0.17344465
VERMILION,2012,0.363427969,0.220427682
VERMILION,2013,0.342009521,0.199124071
VERMILION,2014,0.320868675,0.185626553
VERMILION,2015,0.326376779,0.196189753
VERMILION,2016,0.366848661,0.199566168
VERMILION,2017,0.377748827,0.191894508
VERMILION,2018,0.349521108,0.206632487
VERMILION,2019,0.381917211,0.216718606
VERMILION,2020,0.339497319,0.193649734
EFFINGHAM,2000,0.489772193,0.291616403
EFFINGHAM,2001,0.415314438,0.267071347
EFFINGHAM,2002,0.408131675,0.241316906
EFFINGHAM,2003,0.413607977,0.245424727
EFFINGHAM,2004,0.424080063,0.266446164
EFFINGHAM,2005,0.432345585,0.259506688
EFFINGHAM,2006,0.45835237,0.265770993
EFFINGHAM,2007,0.421304649,0.252749206
EFFINGHAM,2008,0.44187458,0.276601434
EFFINGHAM,2009,0.45792425,0.249678757
EFFINGHAM,2010,0.429866593,0.271371661
EFFINGHAM,2011,0.410594148,0.245355918
EFFINGHAM,2012,0.487498383,0.303612662
EFFINGHAM,2013,0.409610215,0.268795184
EFFINGHAM,2014,0.404081702,0.247011376
EFFINGHAM,2015,0.412635789,0.252742178
EFFINGHAM,2016,0.450603043,0.254687078
EFFINGHAM,2017,0.433536198,0.250759933
EFFINGHAM,2018,0.412080907,0.273729296
EFFINGHAM,2019,0.441510036,0.264275769
EFFINGHAM,2020,0.395923687,0.243899522
COOK,2000,0.363795657,0.222384312
COOK,2001,0.37061899,0.209368194
COOK,2002,0.408422953,0.224362441
COOK,2003,0.311702268,0.205626432
COOK,2004,0.354403883,0.204563002
COOK,2005,0.384332469,0.232556708
COOK,2006,0.321934353,0.186316097
COOK,2007,0.288594361,0.168238187
COOK,2008,0.348111903,0.211664111
COOK,2009,0.296375636,0.176217111
COOK,2010,0.384227756,0.224211817
COOK,2011,0.33074093,0.204002311
COOK,2012,0.397591952,0.239524426
COOK,2013,0.32967522,0.206938802
COOK,2014,0.322509175,0.217496524
COOK,2015,0.385053369,0.231181902
COOK,2016,0.367424328,0.214402443
COOK,2017,0.345652166,0.217114493
COOK,2018,0.304456513,0.172432003
COOK,2019,0.307846378,0.169155011
COOK,2020,0.296422641,0.179139048
PIKE,2000,0.467687997,0.280633621
PIKE,2001,0.449332022,0.246418782
PIKE,2002,0.469361772,0.290767604
PIKE,2003,0.467129905,0.255680809
PIKE,2004,0.417602482,0.267657203
PIKE,2005,0.460621412,0.259270165
PIKE,2006,0.452226519,0.268982742
PIKE,2007,0.439279262,0.268232233
PIKE,2008,0.451821233,0.247564202
PIKE,2009,0.487298034,0.273132651
PIKE,2010,0.418645425,0.27287486
PIKE,2011,0.403993154,0.234836517
PIKE,2012,0.470270067,0.307655965
PIKE,2013,0.467348597,0.263987026
PIKE,2014,0.394168641,0.221740863
PIKE,2015,0.418202353,0.239480613
PIKE,2016,0.430200725,0.263764228
PIKE,2017,0.442628711,0.263774091
PIKE,2018,0.414683985,0.261201081
PIKE,2019,0.479879923,0.277887801
PIKE,2020,0.431501966,0.238226077
MARION,2000,0.533470644,0.319282373
MARION,2001,0.458133226,0.303138475
MARION,2002,0.455429496,0.271795015
MARION,2003,0.509913051,0.277770632
MARION,2004,0.475916725,0.312117993
MARION,2005,0.505008222,0.297532846
MARION,2006,0.472571912,0.273641057
MARION,2007,0.465735917,0.281180772
MARION,2008,0.497424473,0.317528594
MARION,2009,0.51209117,0.272917
MARION,2010,0.478618978,0.294539461
MARION,2011,0.43990218,0.253685952
MARION,2012,0.560464477,0.34784373
MARION,2013,0.525943926,0.351864227
MARION,2014,0.507654129,0.271309964
MARION,2015,0.469007878,0.300798667
MARION,2016,0.513386742,0.282037975
MARION,2017,0.48389988,0.286217309
MARION,2018,0.514384395,0.308430753
MARION,2019,0.511347707,0.291594471
MARION,2020,0.459892398,0.270562683
KNOX,2000,0.409989958,0.24142321
KNOX,2001,0.383547504,0.21524853
KNOX,2002,0.408423631,0.249410596
KNOX,2003,0.37747709,0.207706169
KNOX,2004,0.379184066,0.231315462
KNOX,2005,0.422271053,0.239119758
KNOX,2006,0.376330457,0.228810743
KNOX,2007,0.388682951,0.225545062
KNOX,2008,0.362269298,0.22145385
KNOX,2009,0.354864293,0.211613642
KNOX,2010,0.384274277,0.238492062
KNOX,2011,0.384124599,0.224605077
KNOX,2012,0.415497255,0.260669379
KNOX,2013,0.420681124,0.248524494
KNOX,2014,0.360445268,0.211641933
KNOX,2015,0.373260408,0.228466794
KNOX,2016,0.406441089,0.251339705
KNOX,2017,0.427163487,0.219117842
KNOX,2018,0.383103453,0.238486579
KNOX,2019,0.408711221,0.241547351
KNOX,2020,0.373580829,0.211659436
MCHENRY,2000,0.458983003,0.272763712
MCHENRY,2001,0.435353238,0.258094567
MCHENRY,2002,0.454068353,0.271280024
MCHENRY,2003,0.382206973,0.224668099
MCHENRY,2004,0.437921105,0.258310427
MCHENRY,2005,0.450279656,0.257251317
MCHENRY,2006,0.451293647,0.241827768
MCHENRY,2007,0.457352166,0.255207702
MCHENRY,2008,0.41077773,0.231418473
MCHENRY,2009,0.387235341,0.224040404
MCHENRY,2010,0.438289279,0.280731104
MCHENRY,2011,0.433202933,0.250153538
MCHENRY,2012,0.451942336,0.271625901
MCHENRY,2013,0.407866767,0.239239281
MCHENRY,2014,0.42136112,0.240970878
MCHENRY,2015,0.41857289,0.239017932
MCHENRY,2016,0.470103213,0.276611146
MCHENRY,2017,0.440401307,0.24869838
MCHENRY,2018,0.402594653,0.229778801
MCHENRY,2019,0.457200079,0.244788055
MCHENRY,2020,0.434878271,0.24543368
HENDERSON,2000,0.397887901,0.227264483
HENDERSON,2001,0.385908649,0.208899626
HENDERSON,2002,0.395897876,0.231842072
HENDERSON,2003,0.378439905,0.200786757
HENDERSON,2004,0.374929428,0.197632418
HENDERSON,2005,0.399499584,0.222642919
HENDERSON,2006,0.355580649,0.21709521
HENDERSON,2007,0.366667145,0.214381926
HENDERSON,2008,0.353030665,0.214842293
HENDERSON,2009,0.349396813,0.212035236
HENDERSON,2010,0.367637555,0.218928472
HENDERSON,2011,0.354000726,0.206551202
HENDERSON,2012,0.398773573,0.240335995
HENDERSON,2013,0.398648346,0.224942291
HENDERSON,2014,0.345623599,0.195372103
HENDERSON,2015,0.364026293,0.225232015
HENDERSON,2016,0.386440539,0.239550826
HENDERSON,2017,0.409557161,0.223385243
HENDERSON,2018,0.371775692,0.218841225
HENDERSON,2019,0.39088329,0.226934323
HENDERSON,2020,0.398286152,0.226308888
HENRY,2000,0.365298192,0.21029084
HENRY,2001,0.335523215,0.18733992
HENRY,2002,0.362475155,0.220100457
HENRY,2003,0.326624114,0.184548529
HENRY,2004,0.349074175,0.190897645
HENRY,2005,0.352522836,0.200410968
HENRY,2006,0.333522277,0.197736752
HENRY,2007,0.33579104,0.200378004
HENRY,2008,0.319951864,0.197425069
HENRY,2009,0.319066461,0.184537581
HENRY,2010,0.328320615,0.205052228
HENRY,2011,0.345441161,0.204645893
HENRY,2012,0.358456673,0.220176004
HENRY,2013,0.337240014,0.218501476
HENRY,2014,0.316412244,0.191767945
HENRY,2015,0.326524887,0.213645166
HENRY,2016,0.349663049,0.227298698
HENRY,2017,0.357688493,0.184775347
HENRY,2018,0.325685421,0.201083646
HENRY,2019,0.346843197,0.198318082
HENRY,2020,0.362623483,0.212891712
GREENE,2000,0.438730439,0.273617866
GREENE,2001,0.410490492,0.244009358
GREENE,2002,0.422498377,0.253758722
GREENE,2003,0.404978678,0.231475235
GREENE,2004,0.442318131,0.273577099
GREENE,2005,0.431460952,0.259875596
GREENE,2006,0.416078522,0.253772145
GREENE,2007,0.414203583,0.248737201
GREENE,2008,0.430010939,0.235422296
GREENE,2009,0.446666604,0.248863302
GREENE,2010,0.404617087,0.268889959
GREENE,2011,0.398862679,0.236957793
GREENE,2012,0.454688246,0.283553017
GREENE,2013,0.41439216,0.246192231
GREENE,2014,0.394234769,0.217611696
GREENE,2015,0.389912488,0.237135879
GREENE,2016,0.422012966,0.254202013
GREENE,2017,0.44661002,0.249289296
GREENE,2018,0.419998944,0.261603042
GREENE,2019,0.455489966,0.258123421
GREENE,2020,0.400336379,0.22884266
SALINE,2000,0.534674237,0.320585128
SALINE,2001,0.463833654,0.298409125
SALINE,2002,0.553492433,0.300546924
SALINE,2003,0.536189059,0.307361869
SALINE,2004,0.463373292,0.280137511
SALINE,2005,0.541816802,0.318960736
SALINE,2006,0.50615883,0.27662808
SALINE,2007,0.47717279,0.276163324
SALINE,2008,0.477269309,0.268493148
SALINE,2009,0.533440204,0.280303025
SALINE,2010,0.441308895,0.266906348
SALINE,2011,0.479864616,0.297249833
SALINE,2012,0.554455696,0.326031207
SALINE,2013,0.515421487,0.321239457
SALINE,2014,0.479467968,0.277416445
SALINE,2015,0.440140516,0.258991802
SALINE,2016,0.545869666,0.304112939
SALINE,2017,0.494374227,0.28886561
SALINE,2018,0.552152131,0.300686128
SALINE,2019,0.491467498,0.286482902
SALINE,2020,0.488485718,0.30893995
WHITESIDE,2000,0.363126451,0.204698137
WHITESIDE,2001,0.321639,0.177087379
WHITESIDE,2002,0.358956639,0.20973909
WHITESIDE,2003,0.323233873,0.183866671
WHITESIDE,2004,0.359057748,0.196224096
WHITESIDE,2005,0.355158078,0.205801965
WHITESIDE,2006,0.335309164,0.197773191
WHITESIDE,2007,0.347970153,0.199905261
WHITESIDE,2008,0.328775012,0.192660546
WHITESIDE,2009,0.321539884,0.180241998
WHITESIDE,2010,0.336213908,0.198923063
WHITESIDE,2011,0.343454,0.206820346
WHITESIDE,2012,0.355780807,0.223075858
WHITESIDE,2013,0.344257932,0.206211525
WHITESIDE,2014,0.32010936,0.181042413
WHITESIDE,2015,0.336939023,0.206575648
WHITESIDE,2016,0.365409801,0.220797316
WHITESIDE,2017,0.369844676,0.191915125
WHITESIDE,2018,0.342632591,0.19764163
WHITESIDE,2019,0.359647455,0.191634361
WHITESIDE,2020,0.372004652,0.209824972
DE KALB,2000,0.322897431,0.182659018
DE KALB,2001,0.296044347,0.16250077
DE KALB,2002,0.337626964,0.178657954
DE KALB,2003,0.28860269,0.166594516
DE KALB,2004,0.327169512,0.180402592
DE KALB,2005,0.308652545,0.173459838
DE KALB,2006,0.302727463,0.171482331
DE KALB,2007,0.30454933,0.179133799
DE KALB,2008,0.299004942,0.174483842
DE KALB,2009,0.293550814,0.154252859
DE KALB,2010,0.296730542,0.182151855
DE KALB,2011,0.304646366,0.181942282
DE KALB,2012,0.330228193,0.196480849
DE KALB,2013,0.312822319,0.191203569
DE KALB,2014,0.301219222,0.177442501
DE KALB,2015,0.310322168,0.18725492
DE KALB,2016,0.334288972,0.190465337
DE KALB,2017,0.328649632,0.157954708
DE KALB,2018,0.316539719,0.178461759
DE KALB,2019,0.339205817,0.191357047
DE KALB,2020,0.334615319,0.191932028
WHITE,2000,0.491175068,0.315856488
WHITE,2001,0.439277551,0.266240885
WHITE,2002,0.466055758,0.25592101
WHITE,2003,0.472584214,0.300929935
WHITE,2004,0.444855403,0.280804562
WHITE,2005,0.45109936,0.273173474
WHITE,2006,0.464238165,0.288841349
WHITE,2007,0.430601743,0.271510321
WHITE,2008,0.408892966,0.236283017
WHITE,2009,0.462726098,0.254969302
WHITE,2010,0.403391952,0.246391544
WHITE,2011,0.439310247,0.267912755
WHITE,2012,0.47513649,0.307229659
WHITE,2013,0.47479068,0.309716757
WHITE,2014,0.425290595,0.238070861
WHITE,2015,0.409852364,0.254227875
WHITE,2016,0.476605048,0.27758193
WHITE,2017,0.426901165,0.269310553
WHITE,2018,0.469898201,0.260820301
WHITE,2019,0.452423258,0.289763493
WHITE,2020,0.423371017,0.267722091
LIVINGSTON,2000,0.300512849,0.150189528
LIVINGSTON,2001,0.291758965,0.15325071
LIVINGSTON,2002,0.274429285,0.165323703
LIVINGSTON,2003,0.266546087,0.155750235
LIVINGSTON,2004,0.300614269,0.165118857
LIVINGSTON,2005,0.28789431,0.16268059
LIVINGSTON,2006,0.314467152,0.16364222
LIVINGSTON,2007,0.289937325,0.164892322
LIVINGSTON,2008,0.282139383,0.157963127
LIVINGSTON,2009,0.286911122,0.159861006
LIVINGSTON,2010,0.26772858,0.161261582
LIVINGSTON,2011,0.283091462,0.160886149
LIVINGSTON,2012,0.315392759,0.177322027
LIVINGSTON,2013,0.303192338,0.172106669
LIVINGSTON,2014,0.286724285,0.164449082
LIVINGSTON,2015,0.28114378,0.1723429
LIVINGSTON,2016,0.298806422,0.172985713
LIVINGSTON,2017,0.305096873,0.15506361
LIVINGSTON,2018,0.295126568,0.163026641
LIVINGSTON,2019,0.318604394,0.168100391
LIVINGSTON,2020,0.298279225,0.167221835
WOODFORD,2000,0.341785591,0.192165279
WOODFORD,2001,0.323743058,0.178052684
WOODFORD,2002,0.327523481,0.199163322
WOODFORD,2003,0.306183678,0.181395814
WOODFORD,2004,0.325036217,0.191783753
WOODFORD,2005,0.342622251,0.190604938
WOODFORD,2006,0.34924591,0.19442949
WOODFORD,2007,0.330229994,0.192155968
WOODFORD,2008,0.338467473,0.191986215
WOODFORD,2009,0.364640045,0.217030674
WOODFORD,2010,0.317824858,0.200761798
WOODFORD,2011,0.332879074,0.196463588
WOODFORD,2012,0.367981406,0.220543122
WOODFORD,2013,0.366394164,0.206503839
WOODFORD,2014,0.30957375,0.190895149
WOODFORD,2015,0.335793266,0.203604277
WOODFORD,2016,0.359016716,0.210167893
WOODFORD,2017,0.372826998,0.187137687
WOODFORD,2018,0.360344284,0.205277187
WOODFORD,2019,0.368365754,0.227675309
WOODFORD,2020,0.347190638,0.207702222
MERCER,2000,0.397426654,0.230620925
MERCER,2001,0.366634217,0.196394858
MERCER,2002,0.391820445,0.233045252
MERCER,2003,0.364742748,0.194652641
MERCER,2004,0.373060024,0.202769645
MERCER,2005,0.387999849,0.217600884
MERCER,2006,0.351484078,0.208766805
MERCER,2007,0.359601833,0.216318151
MERCER,2008,0.338557366,0.211291005
MERCER,2009,0.31840485,0.189742907
MERCER,2010,0.357129448,0.218076443
MERCER,2011,0.353639059,0.203348307
MERCER,2012,0.397567334,0.246457627
MERCER,2013,0.352619836,0.214147267
MERCER,2014,0.370266229,0.205759197
MERCER,2015,0.350121353,0.222299094
MERCER,2016,0.38067429,0.239228351
MERCER,2017,0.395959479,0.221022417
MERCER,2018,0.351335185,0.213502129
MERCER,2019,0.374733327,0.229205321
MERCER,2020,0.383498057,0.231083888
MACON,2000,0.333440702,0.183367517
MACON,2001,0.319339984,0.178180297
MACON,2002,0.309477382,0.193147834
MACON,2003,0.319648594,0.173974054
MACON,2004,0.314768754,0.193196843
MACON,2005,0.328163666,0.189646459
MACON,2006,0.356411193,0.192043535
MACON,2007,0.327094305,0.195315921
MACON,2008,0.340039525,0.19866878
MACON,2009,0.363295187,0.192952639
MACON,2010,0.3201608,0.197358153
MACON,2011,0.322552346,0.179290874
MACON,2012,0.374538101,0.21559203
MACON,2013,0.346052294,0.193998367
MACON,2014,0.314142515,0.184583995
MACON,2015,0.319964363,0.181582386
MACON,2016,0.343684844,0.200152489
MACON,2017,0.362407441,0.192110259
MACON,2018,0.344866605,0.196114648
MACON,2019,0.358609834,0.203150854
MACON,2020,0.338520966,0.189933964
KENDALL,2000,0.365357475,0.202400838
KENDALL,2001,0.341629638,0.187564345
KENDALL,2002,0.342579744,0.202778348
KENDALL,2003,0.332052055,0.185519785
KENDALL,2004,0.348106324,0.202363065
KENDALL,2005,0.349651188,0.199275651
KENDALL,2006,0.360810128,0.198642553
KENDALL,2007,0.355076709,0.204694457
KENDALL,2008,0.337822663,0.201737644
KENDALL,2009,0.346964049,0.180663117
KENDALL,2010,0.343929032,0.214247897
KENDALL,2011,0.350403979,0.21361412
KENDALL,2012,0.372237978,0.226869244
KENDALL,2013,0.370002593,0.224957733
KENDALL,2014,0.346168416,0.211704744
KENDALL,2015,0.351189111,0.222290836
KENDALL,2016,0.387030601,0.222151846
KENDALL,2017,0.387725002,0.204617161
KENDALL,2018,0.363288785,0.214794305
KENDALL,2019,0.388412183,0.215402741
KENDALL,2020,0.374386192,0.216747714
CLINTON,2000,0.513458013,0.329279485
CLINTON,2001,0.45525076,0.272696726
CLINTON,2002,0.446068339,0.254698078
CLINTON,2003,0.472847252,0.264001395
CLINTON,2004,0.458412085,0.290945418
CLINTON,2005,0.434190135,0.258382322
CLINTON,2006,0.501579421,0.29915852
CLINTON,2007,0.441460648,0.272929441
CLINTON,2008,0.484817102,0.273822053
CLINTON,2009,0.48501142,0.284407778
CLINTON,2010,0.433969701,0.268882559
CLINTON,2011,0.451746889,0.268443104
CLINTON,2012,0.517570158,0.33844406
CLINTON,2013,0.464905944,0.308842112
CLINTON,2014,0.468199007,0.264425204
CLINTON,2015,0.480712577,0.292233725
CLINTON,2016,0.474199337,0.279157231
CLINTON,2017,0.455031121,0.2925816
CLINTON,2018,0.446148282,0.256687413
CLINTON,2019,0.49211794,0.302982885
CLINTON,2020,0.444789744,0.277941523
GRUNDY,2000,0.335117565,0.175667579
GRUNDY,2001,0.299902419,0.162791961
GRUNDY,2002,0.323100321,0.184460596
GRUNDY,2003,0.309568169,0.16963164
GRUNDY,2004,0.328243039,0.177645186
GRUNDY,2005,0.317160705,0.172520085
GRUNDY,2006,0.311307901,0.172764019
GRUNDY,2007,0.318362994,0.175506205
GRUNDY,2008,0.311100546,0.169232793
GRUNDY,2009,0.310925787,0.164161586
GRUNDY,2010,0.307475054,0.173055823
GRUNDY,2011,0.31176887,0.164881774
GRUNDY,2012,0.354157948,0.197937996
GRUNDY,2013,0.343040376,0.20227616
GRUNDY,2014,0.311787397,0.181945952
GRUNDY,2015,0.329891206,0.193428977
GRUNDY,2016,0.350909264,0.191716071
GRUNDY,2017,0.373036914,0.182765295
GRUNDY,2018,0.340219578,0.184649383
GRUNDY,2019,0.357769259,0.194697421
GRUNDY,2020,0.330167153,0.181523482
PERRY,2000,0.55463459,0.34846081
PERRY,2001,0.517031042,0.305097783
PERRY,2002,0.498127861,0.282700624
PERRY,2003,0.520361914,0.292544537
PERRY,2004,0.513104199,0.311928473
PERRY,2005,0.531424834,0.306958252
PERRY,2006,0.528421571,0.310576364
PERRY,2007,0.483492372,0.283064044
PERRY,2008,0.551560942,0.311879329
PERRY,2009,0.524544541,0.311572097
PERRY,2010,0.507898656,0.295707773
PERRY,2011,0.523298259,0.2992373
PERRY,2012,0.542342316,0.382031508
PERRY,2013,0.547564842,0.334460093
PERRY,2014,0.510325502,0.286117651
PERRY,2015,0.509796763,0.299153792
PERRY,2016,0.523573706,0.315675444
PERRY,2017,0.481300372,0.28866451
PERRY,2018,0.534053964,0.29240642
PERRY,2019,0.561069246,0.351446029
PERRY,2020,0.53501105,0.320190178
JASPER,2000,0.447262993,0.262753634
JASPER,2001,0.387962077,0.247961815
JASPER,2002,0.363432046,0.217959371
JASPER,2003,0.390050189,0.225088933
JASPER,2004,0.400267785,0.24705978
JASPER,2005,0.390497208,0.231079296
JASPER,2006,0.427401987,0.252392838
JASPER,2007,0.393807641,0.241288317
JASPER,2008,0.41282343,0.234406332
JASPER,2009,0.430501942,0.232964568
JASPER,2010,0.370857408,0.232368944
JASPER,2011,0.40236198,0.240785081
JASPER,2012,0.434302389,0.26764794
JASPER,2013,0.426892076,0.28663528
JASPER,2014,0.364750904,0.220753436
JASPER,2015,0.359856853,0.209377158
JASPER,2016,0.418371333,0.237130672
JASPER,2017,0.430002959,0.265786095
JASPER,2018,0.390106458,0.25395044
JASPER,2019,0.406636838,0.241039008
JASPER,2020,0.371363776,0.231254383
EDGAR,2000,0.373391585,0.218124083
EDGAR,2001,0.334242323,0.196644832
EDGAR,2002,0.330855538,0.200485549
EDGAR,2003,0.332498548,0.189152646
EDGAR,2004,0.334585355,0.21031574
EDGAR,2005,0.344756193,0.194912824
EDGAR,2006,0.378598247,0.214402478
EDGAR,2007,0.344886705,0.207376316
EDGAR,2008,0.339525043,0.187573651
EDGAR,2009,0.338338319,0.182433958
EDGAR,2010,0.318983,0.186285811
EDGAR,2011,0.319241317,0.172741879
EDGAR,2012,0.375585353,0.223350751
EDGAR,2013,0.351650457,0.195718918
EDGAR,2014,0.318103058,0.180105647
EDGAR,2015,0.319952236,0.179308667
EDGAR,2016,0.362614205,0.199144908
EDGAR,2017,0.369666509,0.20544709
EDGAR,2018,0.343612813,0.211059925
EDGAR,2019,0.347815059,0.215871468
EDGAR,2020,0.335820954,0.194184629
COLES,2000,0.38558443,0.214711253
COLES,2001,0.336306341,0.194845335
COLES,2002,0.335339827,0.204443369
COLES,2003,0.347669097,0.19875918
COLES,2004,0.345337411,0.212896543
COLES,2005,0.365703249,0.212930918
COLES,2006,0.379888867,0.20901749
COLES,2007,0.373789558,0.215234564
COLES,2008,0.354988192,0.200517475
COLES,2009,0.37930216,0.196927598
COLES,2010,0.33837268,0.203849591
COLES,2011,0.347943697,0.181493885
COLES,2012,0.395375468,0.239056125
COLES,2013,0.349672521,0.20813896
COLES,2014,0.326087653,0.194201171
COLES,2015,0.337378276,0.184856328
COLES,2016,0.382218895,0.2094843
COLES,2017,0.384536312,0.204135775
COLES,2018,0.371304976,0.222500772
COLES,2019,0.370825419,0.225651777
COLES,2020,0.349933125,0.205251498
GALLATIN,2000,0.444352737,0.269282674
GALLATIN,2001,0.4030864,0.254265388
GALLATIN,2002,0.463938843,0.255966793
GALLATIN,2003,0.471141147,0.270027155
GALLATIN,2004,0.403912887,0.256225054
GALLATIN,2005,0.45234926,0.273749564
GALLATIN,2006,0.431048605,0.248832839
GALLATIN,2007,0.404824317,0.232983299
GALLATIN,2008,0.406632619,0.241338439
GALLATIN,2009,0.454190976,0.232205688
GALLATIN,2010,0.38564646,0.222817677
GALLATIN,2011,0.413897475,0.253156695
GALLATIN,2012,0.449244854,0.294144339
GALLATIN,2013,0.461253775,0.289368929
GALLATIN,2014,0.407191027,0.233105732
GALLATIN,2015,0.391770826,0.20184257
GALLATIN,2016,0.460511458,0.266786609
GALLATIN,2017,0.424854113,0.238411501
GALLATIN,2018,0.418463135,0.258607153
GALLATIN,2019,0.427706854,0.250393854
GALLATIN,2020,0.442048512,0.253387647
DOUGLAS,2000,0.32394818,0.171152646
DOUGLAS,2001,0.306795354,0.160949777
DOUGLAS,2002,0.287118695,0.17655745
DOUGLAS,2003,0.303220755,0.167662978
DOUGLAS,2004,0.303224488,0.188005934
DOUGLAS,2005,0.303039381,0.178613598
DOUGLAS,2006,0.347765214,0.182722772
DOUGLAS,2007,0.313732572,0.183824051
DOUGLAS,2008,0.329618301,0.170631458
DOUGLAS,2009,0.316689088,0.175674451
DOUGLAS,2010,0.295710085,0.180162994
DOUGLAS,2011,0.321017185,0.17156784
DOUGLAS,2012,0.344223294,0.198786784
DOUGLAS,2013,0.303411489,0.174611724
DOUGLAS,2014,0.294212477,0.175742351
DOUGLAS,2015,0.307304688,0.167112231
DOUGLAS,2016,0.325080317,0.180366796
DOUGLAS,2017,0.338198642,0.174423529
DOUGLAS,2018,0.323873158,0.182581493
DOUGLAS,2019,0.322595568,0.187969894
DOUGLAS,2020,0.3202917,0.174644825
RANDOLPH,2000,0.534719545,0.334149934
RANDOLPH,2001,0.512123454,0.301602599
RANDOLPH,2002,0.527651052,0.322756592
RANDOLPH,2003,0.532347776,0.315561342
RANDOLPH,2004,0.510742978,0.31974997
RANDOLPH,2005,0.529080328,0.306981396
RANDOLPH,2006,0.535077436,0.323211801
RANDOLPH,2007,0.498567724,0.30191998
RANDOLPH,2008,0.53851897,0.302660966
RANDOLPH,2009,0.530246718,0.306741382
RANDOLPH,2010,0.503409482,0.312126162
RANDOLPH,2011,0.53194374,0.312060861
RANDOLPH,2012,0.559605737,0.374372815
RANDOLPH,2013,0.523777345,0.339396155
RANDOLPH,2014,0.511699167,0.276940867
RANDOLPH,2015,0.512766884,0.293234639
RANDOLPH,2016,0.515417547,0.296296716
RANDOLPH,2017,0.520377178,0.307554847
RANDOLPH,2018,0.534100806,0.290437733
RANDOLPH,2019,0.525946149,0.324910826
RANDOLPH,2020,0.522620301,0.313002562
CHRISTIAN,2000,0.337256542,0.188277694
CHRISTIAN,2001,0.327518125,0.174826007
CHRISTIAN,2002,0.314460332,0.188246407
CHRISTIAN,2003,0.317800134,0.175794551
CHRISTIAN,2004,0.325037608,0.191173088
CHRISTIAN,2005,0.328852721,0.180518257
CHRISTIAN,2006,0.335102477,0.183372278
CHRISTIAN,2007,0.327737306,0.195015758
CHRISTIAN,2008,0.338948606,0.187357973
CHRISTIAN,2009,0.342702671,0.181497754
CHRISTIAN,2010,0.322518122,0.197066615
CHRISTIAN,2011,0.316816645,0.178450519
CHRISTIAN,2012,0.36463576,0.212133144
CHRISTIAN,2013,0.337388605,0.192135548
CHRISTIAN,2014,0.312511598,0.172410518
CHRISTIAN,2015,0.321017265,0.174581956
CHRISTIAN,2016,0.348304488,0.195436828
CHRISTIAN,2017,0.365832621,0.189523817
CHRISTIAN,2018,0.341495369,0.189185975
CHRISTIAN,2019,0.356819323,0.208672186
CHRISTIAN,2020,0.327218515,0.184123
WILL,2000,0.426062561,0.253405806
WILL,2001,0.387538175,0.216971348
WILL,2002,0.412508114,0.246158408
WILL,2003,0.380507897,0.227205738
WILL,2004,0.410373046,0.230844655
WILL,2005,0.414057002,0.240502894
WILL,2006,0.417291244,0.238542767
WILL,2007,0.421329894,0.240431269
WILL,2008,0.384774403,0.228454108
WILL,2009,0.381204334,0.229066056
WILL,2010,0.390455618,0.247384094
WILL,2011,0.411955108,0.242524623
WILL,2012,0.442111443,0.275897134
WILL,2013,0.436974076,0.265449195
WILL,2014,0.39221699,0.242589673
WILL,2015,0.405243279,0.256989159
WILL,2016,0.463975498,0.271256168
WILL,2017,0.458045398,0.263330003
WILL,2018,0.404551457,0.241585658
WILL,2019,0.434282841,0.263420014
WILL,2020,0.412122513,0.247861706
MACOUPIN,2000,0.433182135,0.262951591
MACOUPIN,2001,0.402305204,0.240501873
MACOUPIN,2002,0.405532988,0.239134438
MACOUPIN,2003,0.386883615,0.227893494
MACOUPIN,2004,0.412414777,0.257163711
MACOUPIN,2005,0.435379367,0.255257837
MACOUPIN,2006,0.423028695,0.245500743
MACOUPIN,2007,0.409088412,0.242398062
MACOUPIN,2008,0.44128588,0.251559242
MACOUPIN,2009,0.465014541,0.252654543
MACOUPIN,2010,0.405018364,0.257990252
MACOUPIN,2011,0.40197781,0.229832609
MACOUPIN,2012,0.46619902,0.281718504
MACOUPIN,2013,0.42110873,0.2374003
MACOUPIN,2014,0.404420878,0.221845279
MACOUPIN,2015,0.396932198,0.237053327
MACOUPIN,2016,0.420739117,0.24450123
MACOUPIN,2017,0.450298549,0.241492759
MACOUPIN,2018,0.425350205,0.254717729
MACOUPIN,2019,0.438467175,0.250836233
MACOUPIN,2020,0.39947234,0.219400135
JEFFERSON,2000,0.557467446,0.333995894
JEFFERSON,2001,0.510147187,0.332193146
JEFFERSON,2002,0.524023476,0.294099917
JEFFERSON,2003,0.531037788,0.304612562
JEFFERSON,2004,0.507222293,0.334762455
JEFFERSON,2005,0.56471134,0.320847706
JEFFERSON,2006,0.520904205,0.298923137
JEFFERSON,2007,0.487355742,0.28880143
JEFFERSON,2008,0.557230257,0.322690484
JEFFERSON,2009,0.55544866,0.298012061
JEFFERSON,2010,0.499950964,0.292285371
JEFFERSON,2011,0.487914323,0.273955788
JEFFERSON,2012,0.573148532,0.372508106
JEFFERSON,2013,0.585956378,0.365594666
JEFFERSON,2014,0.497894509,0.301198603
JEFFERSON,2015,0.526195515,0.318755991
JEFFERSON,2016,0.545969691,0.302494223
JEFFERSON,2017,0.508846849,0.300759926
JEFFERSON,2018,0.56506386,0.317502391
JEFFERSON,2019,0.530461893,0.319579474
JEFFERSON,2020,0.530695748,0.30884786
POPE,2000,0.684838811,0.384344471
POPE,2001,0.582219209,0.315033133
POPE,2002,0.688471173,0.395799154
POPE,2003,0.677108062,0.350252727
POPE,2004,0.571488461,0.309968236
POPE,2005,0.723313565,0.398645578
POPE,2006,0.643319263,0.33562334
POPE,2007,0.625294655,0.360576347
POPE,2008,0.614099528,0.327128581
POPE,2009,0.547233354,0.318360739
POPE,2010,0.604504082,0.326010471
POPE,2011,0.605540559,0.336117027
POPE,2012,0.746741635,0.417929422
POPE,2013,0.69819841,0.393809984
POPE,2014,0.667253984,0.341455735
POPE,2015,0.549007344,0.257282923
POPE,2016,0.716138188,0.361210911
POPE,2017,0.695041629,0.355901415
POPE,2018,0.678630025,0.376569195
POPE,2019,0.66646003,0.328424404
POPE,2020,0.641026204,0.336449838
STARK,2000,0.32149936,0.188166853
STARK,2001,0.293120696,0.173313699
STARK,2002,0.323862352,0.18685528
STARK,2003,0.286258624,0.171675719
STARK,2004,0.303908513,0.176808993
STARK,2005,0.319128744,0.177148469
STARK,2006,0.294544797,0.177407135
STARK,2007,0.303968398,0.183754851
STARK,2008,0.307820522,0.17829682
STARK,2009,0.290142144,0.164780557
STARK,2010,0.289389948,0.175719482
STARK,2011,0.303494254,0.184696269
STARK,2012,0.327470098,0.198136516
STARK,2013,0.314310676,0.193809608
STARK,2014,0.301143241,0.168756915
STARK,2015,0.29596326,0.194634819
STARK,2016,0.320592533,0.19979768
STARK,2017,0.336139429,0.175144158
STARK,2018,0.315243122,0.189806669
STARK,2019,0.334304817,0.181128702
STARK,2020,0.316572278,0.195218452
SCHUYLER,2000,0.477978955,0.283007018
SCHUYLER,2001,0.455567689,0.240361508
SCHUYLER,2002,0.476840484,0.279239999
SCHUYLER,2003,0.485157648,0.254753568
SCHUYLER,2004,0.431261145,0.276454776
SCHUYLER,2005,0.499508925,0.278864988
SCHUYLER,2006,0.435205012,0.255643048
SCHUYLER,2007,0.460266089,0.260282632
SCHUYLER,2008,0.458463523,0.249763878
SCHUYLER,2009,0.530342262,0.296598789
SCHUYLER,2010,0.440345,0.283149428
SCHUYLER,2011,0.417619411,0.239731937
SCHUYLER,2012,0.492156729,0.314928051
SCHUYLER,2013,0.487541463,0.266059501
SCHUYLER,2014,0.411473275,0.231305468
SCHUYLER,2015,0.44713695,0.249712614
SCHUYLER,2016,0.498014604,0.290616328
SCHUYLER,2017,0.499800396,0.29041285
SCHUYLER,2018,0.446544054,0.283290875
SCHUYLER,2019,0.523491264,0.306150686
SCHUYLER,2020,0.466817263,0.249346422
STEPHENSON,2000,0.420656306,0.258745268
STEPHENSON,2001,0.402807648,0.228409447
STEPHENSON,2002,0.442068201,0.272656232
STEPHENSON,2003,0.381034581,0.233663376
STEPHENSON,2004,0.407522796,0.250388545
STEPHENSON,2005,0.41139919,0.253375902
STEPHENSON,2006,0.383547241,0.218825656
STEPHENSON,2007,0.393220984,0.233439793
STEPHENSON,2008,0.363075894,0.235107087
STEPHENSON,2009,0.356502611,0.217413032
STEPHENSON,2010,0.35522501,0.230923173
STEPHENSON,2011,0.371276358,0.234159609
STEPHENSON,2012,0.381774116,0.253728019
STEPHENSON,2013,0.350216941,0.203765246
STEPHENSON,2014,0.366643585,0.220165516
STEPHENSON,2015,0.35841523,0.232103613
STEPHENSON,2016,0.402764047,0.250688186
STEPHENSON,2017,0.38547207,0.217363751
STEPHENSON,2018,0.351277527,0.216629702
STEPHENSON,2019,0.370529406,0.211676501
STEPHENSON,2020,0.368318907,0.234526825
LOGAN,2000,0.322388899,0.175956176
LOGAN,2001,0.304118423,0.175461952
LOGAN,2002,0.297937645,0.183827932
LOGAN,2003,0.291418374,0.167179557
LOGAN,2004,0.301961919,0.181160289
LOGAN,2005,0.311459266,0.182425673
LOGAN,2006,0.332505058,0.191227265
LOGAN,2007,0.309460171,0.183979036
LOGAN,2008,0.323336557,0.179989661
LOGAN,2009,0.327549101,0.191923046
LOGAN,2010,0.299094144,0.182203164
LOGAN,2011,0.305860512,0.181261937
LOGAN,2012,0.345731644,0.195900688
LOGAN,2013,0.331749703,0.191496745
LOGAN,2014,0.291386241,0.168301259
LOGAN,2015,0.29384718,0.180037942
LOGAN,2016,0.32595103,0.199395035
LOGAN,2017,0.341772671,0.182197798
LOGAN,2018,0.313429491,0.189599248
LOGAN,2019,0.345625566,0.189088504
LOGAN,2020,0.316894739,0.184477642
LEE,2000,0.340197472,0.191921984
LEE,2001,0.293400667,0.16347644
LEE,2002,0.34466228,0.186164288
LEE,2003,0.291675815,0.166472045
LEE,2004,0.326089305,0.180349028
LEE,2005,0.323329968,0.183979405
LEE,2006,0.308385157,0.175556296
LEE,2007,0.315901208,0.180400015
LEE,2008,0.316619892,0.179518619
LEE,2009,0.297745234,0.156719312
LEE,2010,0.305195689,0.184516858
LEE,2011,0.322173708,0.18447411
LEE,2012,0.34524143,0.204692975
LEE,2013,0.331982228,0.20070731
LEE,2014,0.314985486,0.173218236
LEE,2015,0.317324667,0.189993218
LEE,2016,0.339581688,0.196867839
LEE,2017,0.34006204,0.161457173
LEE,2018,0.328746173,0.180462282
LEE,2019,0.342014364,0.188121971
LEE,2020,0.346041303,0.183064192
FAYETTE,2000,0.498964888,0.291980374
FAYETTE,2001,0.435722614,0.27328988
FAYETTE,2002,0.434918502,0.264161397
FAYETTE,2003,0.443383061,0.253584255
FAYETTE,2004,0.426104861,0.275159145
FAYETTE,2005,0.463407508,0.265176933
FAYETTE,2006,0.464434744,0.272691822
FAYETTE,2007,0.448878649,0.262039632
FAYETTE,2008,0.471195231,0.292193609
FAYETTE,2009,0.488695281,0.253040446
FAYETTE,2010,0.453856732,0.288414728
FAYETTE,2011,0.418606136,0.242928306
FAYETTE,2012,0.518387524,0.309466697
FAYETTE,2013,0.437605504,0.247252169
FAYETTE,2014,0.444415227,0.234328295
FAYETTE,2015,0.42040741,0.257933362
FAYETTE,2016,0.474885657,0.260298613
FAYETTE,2017,0.445147973,0.250843268
FAYETTE,2018,0.439631299,0.281151381
FAYETTE,2019,0.469655153,0.276584971
FAYETTE,2020,0.398744314,0.244324826
LA SALLE,2000,0.338789251,0.187198708
LA SALLE,2001,0.306040049,0.168843319
LA SALLE,2002,0.338171639,0.188892493
LA SALLE,2003,0.305152703,0.175639845
LA SALLE,2004,0.329646614,0.180079102
LA SALLE,2005,0.314403989,0.177970606
LA SALLE,2006,0.322196207,0.181030209
LA SALLE,2007,0.31940836,0.181589108
LA SALLE,2008,0.31363493,0.179177494
LA SALLE,2009,0.308049462,0.163259314
LA SALLE,2010,0.306810161,0.177841337
LA SALLE,2011,0.319983486,0.186422017
LA SALLE,2012,0.345254241,0.202913442
LA SALLE,2013,0.346043047,0.200174554
LA SALLE,2014,0.31806553,0.185823255
LA SALLE,2015,0.32098324,0.19030923
LA SALLE,2016,0.34394484,0.203715133
LA SALLE,2017,0.360784034,0.17096605
LA SALLE,2018,0.338490139,0.189940458
LA SALLE,2019,0.354595941,0.189759553
LA SALLE,2020,0.328094557,0.186847959
PEORIA,2000,0.432677688,0.252511904
PEORIA,2001,0.41804277,0.230997266
PEORIA,2002,0.427247271,0.250562136
PEORIA,2003,0.380387066,0.215509617
PEORIA,2004,0.402836884,0.243588043
PEORIA,2005,0.446457403,0.251371357
PEORIA,2006,0.400621362,0.235744471
PEORIA,2007,0.417869402,0.23745825
PEORIA,2008,0.383343519,0.235403864
PEORIA,2009,0.423444376,0.271074699
PEORIA,2010,0.390079626,0.250130067
PEORIA,2011,0.410603531,0.238470381
PEORIA,2012,0.446694553,0.281455596
PEORIA,2013,0.459606891,0.264347525
PEORIA,2014,0.378715397,0.222009957
PEORIA,2015,0.405493011,0.240012774
PEORIA,2016,0.448336456,0.270053809
PEORIA,2017,0.450055566,0.24046646
PEORIA,2018,0.413886625,0.253047958
PEORIA,2019,0.431378074,0.264736622
PEORIA,2020,0.407459717,0.230024369
RICHLAND,2000,0.480968264,0.308726877
RICHLAND,2001,0.436405268,0.258794274
RICHLAND,2002,0.410739173,0.231952237
RICHLAND,2003,0.469866386,0.254272976
RICHLAND,2004,0.44479077,0.274271962
RICHLAND,2005,0.416170784,0.241983087
RICHLAND,2006,0.451956414,0.279654719
RICHLAND,2007,0.429528353,0.251496778
RICHLAND,2008,0.407161611,0.243514412
RICHLAND,2009,0.458245822,0.271648573
RICHLAND,2010,0.39584245,0.232453598
RICHLAND,2011,0.463297645,0.279085523
RICHLAND,2012,0.481868794,0.304140206
RICHLAND,2013,0.492189024,0.31453676
RICHLAND,2014,0.4254851,0.257641115
RICHLAND,2015,0.392113847,0.243238416
RICHLAND,2016,0.432583121,0.256736589
RICHLAND,2017,0.441181376,0.264108642
RICHLAND,2018,0.44313157,0.25789323
RICHLAND,2019,0.445770809,0.263014659
RICHLAND,2020,0.401302593,0.253123903
WILLIAMSON,2000,0.618370574,0.356068364
WILLIAMSON,2001,0.531455018,0.322862169
WILLIAMSON,2002,0.637541108,0.351783927
WILLIAMSON,2003,0.615188839,0.33362296
WILLIAMSON,2004,0.539336851,0.323637193
WILLIAMSON,2005,0.619052424,0.355201895
WILLIAMSON,2006,0.587060694,0.318772915
WILLIAMSON,2007,0.561320709,0.302574775
WILLIAMSON,2008,0.55115133,0.321023446
WILLIAMSON,2009,0.610733866,0.318845261
WILLIAMSON,2010,0.548532454,0.30621594
WILLIAMSON,2011,0.553777588,0.305427727
WILLIAMSON,2012,0.620554326,0.398813264
WILLIAMSON,2013,0.589717003,0.357210044
WILLIAMSON,2014,0.563523642,0.315675928
WILLIAMSON,2015,0.521047255,0.305724401
WILLIAMSON,2016,0.616459625,0.318725462
WILLIAMSON,2017,0.61415254,0.339086186
WILLIAMSON,2018,0.630366629,0.342245445
WILLIAMSON,2019,0.58701803,0.353811677
WILLIAMSON,2020,0.592135557,0.333081798
IROQUOIS,2000,0.303373562,0.167115443
IROQUOIS,2001,0.295269308,0.156339042
IROQUOIS,2002,0.296862835,0.179578072
IROQUOIS,2003,0.278834758,0.157150008
IROQUOIS,2004,0.292056316,0.165193051
IROQUOIS,2005,0.297957609,0.164254548
IROQUOIS,2006,0.303819855,0.166911759
IROQUOIS,2007,0.292012103,0.163767058
IROQUOIS,2008,0.289993826,0.158488657
IROQUOIS,2009,0.297919687,0.168484618
IROQUOIS,2010,0.285314166,0.167994416
IROQUOIS,2011,0.283625799,0.154059179
IROQUOIS,2012,0.32002002,0.182321713
IROQUOIS,2013,0.293210663,0.175077078
IROQUOIS,2014,0.29097462,0.166576806
IROQUOIS,2015,0.295208484,0.176507015
IROQUOIS,2016,0.312711563,0.175923718
IROQUOIS,2017,0.332895947,0.172311224
IROQUOIS,2018,0.305362836,0.163709741
IROQUOIS,2019,0.351159579,0.190092397
IROQUOIS,2020,0.301447207,0.168897455
KANE,2000,0.427434867,0.255517547
KANE,2001,0.41432649,0.242843369
KANE,2002,0.428564269,0.266962256
KANE,2003,0.374928839,0.225012144
KANE,2004,0.422468544,0.238211942
KANE,2005,0.409083772,0.234551803
KANE,2006,0.413076256,0.231673421
KANE,2007,0.428671059,0.245469125
KANE,2008,0.390718244,0.234123401
KANE,2009,0.402323512,0.216785183
KANE,2010,0.405476429,0.257054752
KANE,2011,0.406981476,0.239256709
KANE,2012,0.440925636,0.270772859
KANE,2013,0.420348681,0.266825995
KANE,2014,0.400624158,0.23592073
KANE,2015,0.415310768,0.260752526
KANE,2016,0.45727145,0.271664854
KANE,2017,0.445464792,0.24604412
KANE,2018,0.410342703,0.241955315
KANE,2019,0.441087109,0.250520673
KANE,2020,0.452032568,0.26600709
SHELBY,2000,0.405562695,0.234139037
SHELBY,2001,0.357065146,0.215623229
SHELBY,2002,0.357570128,0.22171546
SHELBY,2003,0.362351661,0.211538825
SHELBY,2004,0.364164616,0.232935205
SHELBY,2005,0.378084704,0.217847063
SHELBY,2006,0.390628288,0.223901678
SHELBY,2007,0.383681053,0.224272711
SHELBY,2008,0.389087873,0.237286829
SHELBY,2009,0.388643833,0.203995904
SHELBY,2010,0.367529745,0.235273158
SHELBY,2011,0.354894851,0.203996116
SHELBY,2012,0.425135657,0.255064255
SHELBY,2013,0.368082101,0.215843848
SHELBY,2014,0.33852463,0.20972334
SHELBY,2015,0.351397163,0.198437339
SHELBY,2016,0.395129995,0.225332736
SHELBY,2017,0.406026761,0.223785622
SHELBY,2018,0.392897849,0.234099055
SHELBY,2019,0.40444322,0.23830856
SHELBY,2020,0.354123757,0.223335614
MONROE,2000,0.491812253,0.311163709
MONROE,2001,0.489709795,0.292851166
MONROE,2002,0.488786804,0.291010223
MONROE,2003,0.500612655,0.302264329
MONROE,2004,0.498464144,0.304914957
MONROE,2005,0.498263096,0.286917139
MONROE,2006,0.499276193,0.306962478
MONROE,2007,0.496178808,0.302381142
MONROE,2008,0.459652173,0.279849721
MONROE,2009,0.495085515,0.290424826
MONROE,2010,0.481746595,0.305806987
MONROE,2011,0.472819168,0.303457075
MONROE,2012,0.549752093,0.353578352
MONROE,2013,0.454849493,0.29773546
MONROE,2014,0.494048392,0.269190664
MONROE,2015,0.46832805,0.270362211
MONROE,2016,0.465602692,0.282033363
MONROE,2017,0.485718697,0.286884966
MONROE,2018,0.501012327,0.279135641
MONROE,2019,0.496295649,0.283826421
MONROE,2020,0.504099277,0.302803012
CARROLL,2000,0.410340978,0.234531251
CARROLL,2001,0.373938004,0.19627308
CARROLL,2002,0.401487407,0.245199149
CARROLL,2003,0.376629873,0.216488455
CARROLL,2004,0.394883871,0.224414169
CARROLL,2005,0.399246645,0.236069239
CARROLL,2006,0.38522323,0.223366948
CARROLL,2007,0.374962686,0.218449785
CARROLL,2008,0.354352569,0.219884312
CARROLL,2009,0.340494126,0.193798739
CARROLL,2010,0.365798709,0.223992295
CARROLL,2011,0.358272002,0.231189598
CARROLL,2012,0.392546448,0.248864189
CARROLL,2013,0.341924563,0.192100419
CARROLL,2014,0.355957561,0.202069574
CARROLL,2015,0.357085687,0.222026578
CARROLL,2016,0.410337021,0.245427835
CARROLL,2017,0.389255515,0.224370403
CARROLL,2018,0.354246459,0.218659285
CARROLL,2019,0.383030936,0.208900021
CARROLL,2020,0.376047879,0.228590019
CLAY,2000,0.50328577,0.303226889
CLAY,2001,0.43241578,0.272494677
CLAY,2002,0.400779794,0.239462862
CLAY,2003,0.451247667,0.249490455
CLAY,2004,0.445771547,0.277953406
CLAY,2005,0.433932857,0.260090635
CLAY,2006,0.458014728,0.270142709
CLAY,2007,0.444030112,0.270093927
CLAY,2008,0.46296342,0.287055357
CLAY,2009,0.455956913,0.253449916
CLAY,2010,0.412111191,0.254395116
CLAY,2011,0.465974377,0.274258583
CLAY,2012,0.499386878,0.316174179
CLAY,2013,0.530214107,0.333847349
CLAY,2014,0.421078403,0.237664613
CLAY,2015,0.444345294,0.267503027
CLAY,2016,0.45628008,0.251303642
CLAY,2017,0.456733946,0.269992885
CLAY,2018,0.471552915,0.272841921
CLAY,2019,0.448297994,0.262019293
CLAY,2020,0.418731826,0.250291374
MASSAC,2000,0.60251695,0.371140968
MASSAC,2001,0.538454367,0.35125741
MASSAC,2002,0.620015695,0.349105739
MASSAC,2003,0.597648228,0.377009254
MASSAC,2004,0.527293607,0.3180194
MASSAC,2005,0.582144644,0.345691681
MASSAC,2006,0.551305385,0.314377124
MASSAC,2007,0.537298464,0.316066881
MASSAC,2008,0.536563706,0.300535738
MASSAC,2009,0.53390697,0.305594517
MASSAC,2010,0.526727313,0.313699547
MASSAC,2011,0.575279056,0.350891998
MASSAC,2012,0.589741387,0.381434542
MASSAC,2013,0.591879432,0.375758654
MASSAC,2014,0.566389679,0.31355216
MASSAC,2015,0.493844471,0.29285651
MASSAC,2016,0.568642344,0.336220031
MASSAC,2017,0.564671848,0.316765781
MASSAC,2018,0.57369446,0.319001662
MASSAC,2019,0.550664493,0.340338136
MASSAC,2020,0.557420494,0.340780842
JOHNSON,2000,0.666797497,0.387229845
JOHNSON,2001,0.567955896,0.332548172
JOHNSON,2002,0.680349444,0.387062801
JOHNSON,2003,0.664012254,0.364970281
JOHNSON,2004,0.565889442,0.333564989
JOHNSON,2005,0.688674493,0.397209974
JOHNSON,2006,0.629472991,0.342255537
JOHNSON,2007,0.619287444,0.328894415
JOHNSON,2008,0.607783596,0.335721245
JOHNSON,2009,0.571292038,0.348148175
JOHNSON,2010,0.60700048,0.348474424
JOHNSON,2011,0.650118999,0.379923211
JOHNSON,2012,0.70723901,0.437501577
JOHNSON,2013,0.665120562,0.368133781
JOHNSON,2014,0.6422376,0.348456397
JOHNSON,2015,0.555810712,0.302488377
JOHNSON,2016,0.65999826,0.338921702
JOHNSON,2017,0.669094887,0.366712524
JOHNSON,2018,0.647987193,0.381162919
JOHNSON,2019,0.642935665,0.370233612
JOHNSON,2020,0.61346269,0.354313875
BROWN,2000,0.505110902,0.29590679
BROWN,2001,0.481461277,0.256071744
BROWN,2002,0.477050998,0.271124283
BROWN,2003,0.509605961,0.272745399
BROWN,2004,0.450775447,0.290721146
BROWN,2005,0.504774421,0.277256466
BROWN,2006,0.479082971,0.280558664
BROWN,2007,0.472325309,0.285155235
BROWN,2008,0.463422808,0.258625513
BROWN,2009,0.542296767,0.300267939
BROWN,2010,0.462224133,0.298509966
BROWN,2011,0.439683908,0.249659474
BROWN,2012,0.515307544,0.330011778
BROWN,2013,0.498561776,0.272234401
BROWN,2014,0.42599868,0.243906612
BROWN,2015,0.478122486,0.271687465
BROWN,2016,0.515355788,0.303380724
BROWN,2017,0.523096156,0.306160883
BROWN,2018,0.46594778,0.294983865
BROWN,2019,0.521887643,0.313622521
BROWN,2020,0.495548616,0.259483847
KANKAKEE,2000,0.342235462,0.188602895
KANKAKEE,2001,0.312938598,0.175919993
KANKAKEE,2002,0.342046654,0.203385547
KANKAKEE,2003,0.3214816,0.17665597
KANKAKEE,2004,0.323675858,0.189281544
KANKAKEE,2005,0.353375745,0.199408932
KANKAKEE,2006,0.346290894,0.19202402
KANKAKEE,2007,0.336950999,0.19087353
KANKAKEE,2008,0.325191322,0.184404338
KANKAKEE,2009,0.334556214,0.195073542
KANKAKEE,2010,0.319926246,0.194876473
KANKAKEE,2011,0.333845987,0.193442603
KANKAKEE,2012,0.358064764,0.214017897
KANKAKEE,2013,0.340617848,0.204297195
KANKAKEE,2014,0.320834764,0.190510733
KANKAKEE,2015,0.328662814,0.200733225
KANKAKEE,2016,0.3594597,0.198158185
KANKAKEE,2017,0.372962767,0.191095013
KANKAKEE,2018,0.337461122,0.186087851
KANKAKEE,2019,0.372020937,0.211362165
KANKAKEE,2020,0.334395172,0.194476217
SANGAMON,2000,0.367390939,0.213459961
SANGAMON,2001,0.345093792,0.197031492
SANGAMON,2002,0.35249707,0.215088321
SANGAMON,2003,0.340309465,0.196259683
SANGAMON,2004,0.350248287,0.207418365
SANGAMON,2005,0.375632209,0.21126773
SANGAMON,2006,0.359415036,0.209556351
SANGAMON,2007,0.357900894,0.213307284
SANGAMON,2008,0.371829935,0.217782879
SANGAMON,2009,0.396652961,0.216298551
SANGAMON,2010,0.362068443,0.228745715
SANGAMON,2011,0.364484642,0.197633985
SANGAMON,2012,0.398610658,0.232455562
SANGAMON,2013,0.383514973,0.221918472
SANGAMON,2014,0.347765626,0.203212167
SANGAMON,2015,0.342620619,0.200430692
SANGAMON,2016,0.385866483,0.226304184
SANGAMON,2017,0.390879191,0.202993219
SANGAMON,2018,0.38376587,0.225856274
SANGAMON,2019,0.40251784,0.233434604
SANGAMON,2020,0.372823151,0.212166401
BOONE,2000,0.376819181,0.22282715
BOONE,2001,0.363211492,0.206677195
BOONE,2002,0.378149688,0.222581062
BOONE,2003,0.340024368,0.198810352
BOONE,2004,0.368025529,0.218967598
BOONE,2005,0.369712721,0.221735526
BOONE,2006,0.380246666,0.206742233
BOONE,2007,0.376804478,0.216483499
BOONE,2008,0.346316446,0.21178657
BOONE,2009,0.332816357,0.201066431
BOONE,2010,0.352006773,0.221870067
BOONE,2011,0.35435064,0.214199234
BOONE,2012,0.379506606,0.234820107
BOONE,2013,0.353642861,0.220857489
BOONE,2014,0.345104142,0.206274676
BOONE,2015,0.33804397,0.213007174
BOONE,2016,0.380639603,0.231536851
BOONE,2017,0.370105085,0.194952839
BOONE,2018,0.34759955,0.203482272
BOONE,2019,0.384079101,0.20778565
BOONE,2020,0.373734776,0.220552977
MORGAN,2000,0.385762569,0.237823815
MORGAN,2001,0.357383031,0.206781501
MORGAN,2002,0.36430348,0.222224437
MORGAN,2003,0.348016129,0.203601595
MORGAN,2004,0.360804688,0.217939304
MORGAN,2005,0.388872796,0.216493583
MORGAN,2006,0.357616355,0.213785516
MORGAN,2007,0.378349807,0.219985786
MORGAN,2008,0.375656309,0.21141309
MORGAN,2009,0.405802725,0.222485011
MORGAN,2010,0.352709364,0.225514449
MORGAN,2011,0.361382648,0.202878235
MORGAN,2012,0.404486151,0.244955636
MORGAN,2013,0.380680514,0.223153063
MORGAN,2014,0.336471244,0.203221058
MORGAN,2015,0.33823224,0.198843048
MORGAN,2016,0.373343923,0.233373053
MORGAN,2017,0.400499911,0.218293849
MORGAN,2018,0.376451263,0.221282303
MORGAN,2019,0.408293829,0.2392173
MORGAN,2020,0.370695937,0.219358321
EDWARDS,2000,0.532110825,0.356849922
EDWARDS,2001,0.461571194,0.276331746
EDWARDS,2002,0.474950751,0.262739375
EDWARDS,2003,0.496942841,0.292683969
EDWARDS,2004,0.485488371,0.309085487
EDWARDS,2005,0.455118118,0.283040267
EDWARDS,2006,0.48589907,0.311314278
EDWARDS,2007,0.470683979,0.283415491
EDWARDS,2008,0.43062479,0.254575626
EDWARDS,2009,0.489492415,0.287510498
EDWARDS,2010,0.40559673,0.248591725
EDWARDS,2011,0.437506065,0.259430048
EDWARDS,2012,0.50623538,0.339564394
EDWARDS,2013,0.532314113,0.329338463
EDWARDS,2014,0.454754156,0.282140384
EDWARDS,2015,0.4209122,0.253880613
EDWARDS,2016,0.480077763,0.290341025
EDWARDS,2017,0.470209352,0.302492388
EDWARDS,2018,0.467719814,0.28607852
EDWARDS,2019,0.489134862,0.298708537
EDWARDS,2020,0.44023546,0.29067636
WABASH,2000,0.455635043,0.294609841
WABASH,2001,0.391548096,0.243132966
WABASH,2002,0.407116497,0.222430982
WABASH,2003,0.404637653,0.236943236
WABASH,2004,0.401144538,0.246011531
WABASH,2005,0.392335688,0.244818822
WABASH,2006,0.389931162,0.24869245
WABASH,2007,0.411355069,0.244254519
WABASH,2008,0.375729014,0.218112048
WABASH,2009,0.410058408,0.229617109
WABASH,2010,0.337167602,0.215696888
WABASH,2011,0.3845956,0.223470542
WABASH,2012,0.427409742,0.266267132
WABASH,2013,0.433171427,0.289332804
WABASH,2014,0.358669309,0.210473686
WABASH,2015,0.337679409,0.19795014
WABASH,2016,0.425494143,0.243843877
WABASH,2017,0.395212616,0.235797427
WABASH,2018,0.376127259,0.237977058
WABASH,2019,0.396510014,0.234163869
WABASH,2020,0.355982822,0.231052473
WAYNE,2000,0.514803128,0.322960435
WAYNE,2001,0.453424056,0.278216343
WAYNE,2002,0.454390026,0.260116735
WAYNE,2003,0.475714149,0.266415599
WAYNE,2004,0.459208214,0.294085668
WAYNE,2005,0.472311205,0.28399606
WAYNE,2006,0.457931427,0.276023494
WAYNE,2007,0.460504052,0.284055751
WAYNE,2008,0.487493301,0.270420397
WAYNE,2009,0.501864844,0.265114698
WAYNE,2010,0.394077965,0.236985199
WAYNE,2011,0.435400216,0.2463666
WAYNE,2012,0.507345189,0.317256387
WAYNE,2013,0.524112078,0.345698157
WAYNE,2014,0.426699691,0.255139788
WAYNE,2015,0.422063971,0.270225287
WAYNE,2016,0.478312367,0.269804596
WAYNE,2017,0.447484237,0.272060541
WAYNE,2018,0.480146402,0.274445605
WAYNE,2019,0.474857927,0.28040404
WAYNE,2020,0.444794976,0.282434446
FULTON,2000,0.450505415,0.259640186
FULTON,2001,0.42945986,0.22448944
FULTON,2002,0.454261567,0.269931471
FULTON,2003,0.421355805,0.225292079
FULTON,2004,0.408194825,0.256542775
FULTON,2005,0.466610843,0.259464235
FULTON,2006,0.423596225,0.248346494
FULTON,2007,0.424878676,0.237627516
FULTON,2008,0.419253056,0.256043986
FULTON,2009,0.468255099,0.27360159
FULTON,2010,0.408774012,0.25266151
FULTON,2011,0.408765221,0.225615041
FULTON,2012,0.467094499,0.292400813
FULTON,2013,0.486941657,0.2674786
FULTON,2014,0.390849828,0.223126856
FULTON,2015,0.419480579,0.237517895
FULTON,2016,0.466371276,0.269263632
FULTON,2017,0.473298398,0.255677906
FULTON,2018,0.419781429,0.258615947
FULTON,2019,0.467803157,0.289414127
FULTON,2020,0.410761652,0.230107177
WASHINGTON,2000,0.510964262,0.352357877
WASHINGTON,2001,0.458160734,0.278091024
WASHINGTON,2002,0.466210105,0.285233867
WASHINGTON,2003,0.48413028,0.321469536
WASHINGTON,2004,0.513735731,0.325025581
WASHINGTON,2005,0.469339048,0.276613688
WASHINGTON,2006,0.522360687,0.342068785
WASHINGTON,2007,0.473114668,0.276593725
WASHINGTON,2008,0.495664889,0.328733386
WASHINGTON,2009,0.504130559,0.305778305
WASHINGTON,2010,0.418894067,0.25417936
WASHINGTON,2011,0.457608122,0.281410688
WASHINGTON,2012,0.487708262,0.340937393
WASHINGTON,2013,0.527439729,0.340531144
WASHINGTON,2014,0.479397465,0.303751253
WASHINGTON,2015,0.479932624,0.294781531
WASHINGTON,2016,0.492688609,0.306047657
WASHINGTON,2017,0.482523881,0.31925065
WASHINGTON,2018,0.467113751,0.271157509
WASHINGTON,2019,0.513966361,0.319927363
WASHINGTON,2020,0.480853641,0.302200903
MOULTRIE,2000,0.343223614,0.176479156
MOULTRIE,2001,0.317851294,0.168037685
MOULTRIE,2002,0.30604449,0.180920633
MOULTRIE,2003,0.317750696,0.169465936
MOULTRIE,2004,0.319737659,0.193047752
MOULTRIE,2005,0.327537367,0.18035157
MOULTRIE,2006,0.345456631,0.180564796
MOULTRIE,2007,0.334318583,0.189869477
MOULTRIE,2008,0.334240241,0.186192329
MOULTRIE,2009,0.332204985,0.171245547
MOULTRIE,2010,0.320436974,0.19433641
MOULTRIE,2011,0.303973496,0.174420663
MOULTRIE,2012,0.368560331,0.209819785
MOULTRIE,2013,0.31357151,0.185796524
MOULTRIE,2014,0.305593458,0.178673829
MOULTRIE,2015,0.317080963,0.171514431
MOULTRIE,2016,0.343701667,0.188952019
MOULTRIE,2017,0.355085074,0.180389987
MOULTRIE,2018,0.344119437,0.188949002
MOULTRIE,2019,0.357489847,0.195238707
MOULTRIE,2020,0.326734754,0.183351766
TAZEWELL,2000,0.357488311,0.208957347
TAZEWELL,2001,0.337224182,0.196926951
TAZEWELL,2002,0.345352961,0.215867042
TAZEWELL,2003,0.328804212,0.19518548
TAZEWELL,2004,0.343475723,0.211101643
TAZEWELL,2005,0.371510891,0.213213204
TAZEWELL,2006,0.351296445,0.207724788
TAZEWELL,2007,0.35706384,0.211086849
TAZEWELL,2008,0.353496647,0.218749972
TAZEWELL,2009,0.38587189,0.229419995
TAZEWELL,2010,0.343713965,0.219873772
TAZEWELL,2011,0.347818095,0.201845981
TAZEWELL,2012,0.38964572,0.23710714
TAZEWELL,2013,0.386561311,0.214834623
TAZEWELL,2014,0.334243884,0.200444766
TAZEWELL,2015,0.357316989,0.208037846
TAZEWELL,2016,0.383207929,0.230767026
TAZEWELL,2017,0.390499996,0.213024102
TAZEWELL,2018,0.3618569,0.221532177
TAZEWELL,2019,0.3858457,0.243181596
TAZEWELL,2020,0.36116553,0.218314455
WARREN,2000,0.366557256,0.215055521
WARREN,2001,0.334573308,0.196816658
WARREN,2002,0.349489285,0.216904467
WARREN,2003,0.329100286,0.18587473
WARREN,2004,0.338012594,0.203475667
WARREN,2005,0.368182439,0.20970965
WARREN,2006,0.311586609,0.197513056
WARREN,2007,0.339714341,0.206219669
WARREN,2008,0.329759258,0.204110269
WARREN,2009,0.32390357,0.19789322
WARREN,2010,0.325746447,0.206969377
WARREN,2011,0.326556733,0.190948849
WARREN,2012,0.363359797,0.220867384
WARREN,2013,0.36833379,0.216694787
WARREN,2014,0.335032564,0.197130708
WARREN,2015,0.326118632,0.213045074
WARREN,2016,0.346123236,0.227551051
WARREN,2017,0.371910676,0.196839865
WARREN,2018,0.350435615,0.204436107
WARREN,2019,0.367357166,0.222496415
WARREN,2020,0.347294678,0.204884199
PULASKI,2000,0.542578046,0.327665668
PULASKI,2001,0.519110119,0.339706806
PULASKI,2002,0.570545272,0.310862064
PULASKI,2003,0.562301111,0.32702749
PULASKI,2004,0.497723931,0.305445396
PULASKI,2005,0.543447601,0.31972993
PULASKI,2006,0.531502586,0.322444746
PULASKI,2007,0.524906186,0.296267172
PULASKI,2008,0.551142175,0.317748348
PULASKI,2009,0.50205524,0.297886439
PULASKI,2010,0.51503435,0.31851123
PULASKI,2011,0.558088769,0.320723654
PULASKI,2012,0.585983975,0.379414892
PULASKI,2013,0.553465031,0.348605129
PULASKI,2014,0.512111515,0.299690968
PULASKI,2015,0.528333687,0.298640089
PULASKI,2016,0.515740003,0.303316577
PULASKI,2017,0.533646351,0.300316222
PULASKI,2018,0.552727082,0.305597655
PULASKI,2019,0.552991977,0.339165475
PULASKI,2020,0.543910221,0.327431601
MADISON,2000,0.481300148,0.304994169
MADISON,2001,0.457893772,0.288487828
MADISON,2002,0.45856084,0.279622236
MADISON,2003,0.457343141,0.265799261
MADISON,2004,0.459648824,0.289159297
MADISON,2005,0.470520393,0.279764481
MADISON,2006,0.452101976,0.268230859
MADISON,2007,0.445831169,0.278715661
MADISON,2008,0.485118545,0.277572908
MADISON,2009,0.481876081,0.278577466
MADISON,2010,0.45579216,0.292562249
MADISON,2011,0.459126844,0.279716416
MADISON,2012,0.516088945,0.330671827
MADISON,2013,0.44979386,0.2787671
MADISON,2014,0.468190136,0.269096546
MADISON,2015,0.464362539,0.276949219
MADISON,2016,0.466279247,0.269404416
MADISON,2017,0.479273805,0.279974483
MADISON,2018,0.454764889,0.267182117
MADISON,2019,0.46706617,0.286728782
MADISON,2020,0.441133646,0.262251743
MONTGOMERY,2000,0.413037756,0.247556325
MONTGOMERY,2001,0.379695146,0.232494983
MONTGOMERY,2002,0.386830731,0.237737737
MONTGOMERY,2003,0.372274119,0.214352947
MONTGOMERY,2004,0.378533552,0.23263185
MONTGOMERY,2005,0.390250358,0.226233164
MONTGOMERY,2006,0.395382723,0.236388561
MONTGOMERY,2007,0.380321771,0.23120261
MONTGOMERY,2008,0.428014301,0.238539678
MONTGOMERY,2009,0.372536656,0.218526144
MONTGOMERY,2010,0.375701724,0.236997252
MONTGOMERY,2011,0.372117964,0.212999686
MONTGOMERY,2012,0.434727053,0.267372495
MONTGOMERY,2013,0.370628743,0.228581643
MONTGOMERY,2014,0.377117173,0.204544216
MONTGOMERY,2015,0.356572337,0.203099324
MONTGOMERY,2016,0.407423131,0.240160347
MONTGOMERY,2017,0.430937256,0.237596193
MONTGOMERY,2018,0.393966087,0.23403046
MONTGOMERY,2019,0.404208297,0.239174831
MONTGOMERY,2020,0.361637131,0.226873843
MENARD,2000,0.367736594,0.216991511
MENARD,2001,0.341152471,0.200199071
MENARD,2002,0.340641193,0.215473908
MENARD,2003,0.326067897,0.190695851
MENARD,2004,0.347773199,0.216463612
MENARD,2005,0.37177775,0.213852938
MENARD,2006,0.35117597,0.213927635
MENARD,2007,0.367657813,0.222102898
MENARD,2008,0.373752418,0.213714025
MENARD,2009,0.3976734,0.221648827
MENARD,2010,0.350967561,0.220253722
MENARD,2011,0.349313861,0.21123686
MENARD,2012,0.397929827,0.233794376
MENARD,2013,0.360152992,0.210346869
MENARD,2014,0.322843683,0.202183207
MENARD,2015,0.341738885,0.207168191
MENARD,2016,0.374462657,0.227011168
MENARD,2017,0.392422302,0.207806958
MENARD,2018,0.364907903,0.224411574
MENARD,2019,0.394572027,0.242306827
MENARD,2020,0.362910088,0.206257101
HANCOCK,2000,0.408284219,0.242307506
HANCOCK,2001,0.392552287,0.217711533
HANCOCK,2002,0.389222223,0.231149463
HANCOCK,2003,0.395601075,0.213812326
HANCOCK,2004,0.387745223,0.244212136
HANCOCK,2005,0.414094489,0.23460968
HANCOCK,2006,0.359593647,0.220810462
HANCOCK,2007,0.392249003,0.239563615
HANCOCK,2008,0.391854071,0.219546763
HANCOCK,2009,0.423028775,0.218644661
HANCOCK,2010,0.38989989,0.258575227
HANCOCK,2011,0.383984753,0.222297312
HANCOCK,2012,0.409435641,0.257576521
HANCOCK,2013,0.391566318,0.224382375
HANCOCK,2014,0.358789615,0.204639184
HANCOCK,2015,0.368947664,0.220150749
HANCOCK,2016,0.40241047,0.252587252
HANCOCK,2017,0.437137143,0.231516653
HANCOCK,2018,0.393869233,0.242764379
HANCOCK,2019,0.445838856,0.257473255
HANCOCK,2020,0.396003901,0.219821224
MCLEAN,2000,0.316637041,0.172845866
MCLEAN,2001,0.307215065,0.170214105
MCLEAN,2002,0.300414045,0.181366626
MCLEAN,2003,0.28708305,0.171447129
MCLEAN,2004,0.301096192,0.175875996
MCLEAN,2005,0.306106371,0.182471957
MCLEAN,2006,0.335138068,0.183599267
MCLEAN,2007,0.304093307,0.183777497
MCLEAN,2008,0.30587569,0.176892003
MCLEAN,2009,0.298353632,0.18188009
MCLEAN,2010,0.292553546,0.182932401
MCLEAN,2011,0.304047666,0.168463801
MCLEAN,2012,0.331307864,0.195000428
MCLEAN,2013,0.316507913,0.181933709
MCLEAN,2014,0.296478929,0.177372415
MCLEAN,2015,0.293906446,0.185745263
MCLEAN,2016,0.316988515,0.194835849
MCLEAN,2017,0.337591858,0.170393893
MCLEAN,2018,0.315484809,0.185511196
MCLEAN,2019,0.337803435,0.182260885
MCLEAN,2020,0.312343246,0.188019981
